Sequence,SER_A,SER_C,SER_D,SER_E,SER_F,SER_G,SER_H,SER_I,SER_K,SER_L,SER_M,SER_N,SER_P,SER_Q,SER_R,SER_S,SER_T,SER_V,SER_W,SER_Y
ANVVATYPAHS,-0.511,0,0,0,0,0,-0.314,0,0,0,0,-0.314,-0.314,0,0,-0.314,-0.314,-0.447,0,-0.314
SKHSSLDCVLRP,0,-0.299,-0.299,0,0,0,-0.299,0,-0.299,-0.431,0,0,-0.299,0,-0.299,-0.5,0,-0.299,0,0
MHRSLLGRMKGA,-0.299,0,0,0,0,-0.431,-0.299,0,-0.299,-0.431,-0.431,0,0,0,-0.431,-0.299,0,0,0,0
WLVFFVIAYFAR,-0.431,0,0,0,-0.5,0,0,-0.299,0,-0.299,0,0,0,0,-0.299,0,0,-0.431,-0.299,-0.299
HVTTTFAPPPPR,-0.299,0,0,0,-0.299,0,-0.299,0,0,0,0,0,-0.528,0,-0.299,0,-0.5,-0.299,0,0
SVVPSKATWGFA,-0.431,0,0,0,-0.299,-0.299,0,0,-0.299,0,0,0,-0.299,0,0,-0.431,-0.299,-0.431,-0.299,0
ACFPWGNTWCGGK,-0.285,-0.415,0,0,-0.285,-0.488,0,0,-0.285,0,0,-0.285,-0.285,0,0,0,-0.285,0,-0.415,0
ACFPWGNQWCGGK,-0.285,-0.415,0,0,-0.285,-0.488,0,0,-0.285,0,0,-0.285,-0.285,-0.285,0,0,0,0,-0.415,0
IFKAIWSGIKSLF,-0.285,0,0,0,-0.415,-0.285,0,-0.488,-0.415,-0.285,0,0,0,0,0,-0.415,0,0,-0.285,0
YRWRGPTAAFLSLV,-0.401,0,0,0,-0.272,-0.272,0,0,0,-0.401,0,0,-0.272,0,-0.401,-0.272,-0.272,-0.272,-0.272,-0.272
RGILIHNTIFGEQVF,0,0,0,-0.26,-0.388,-0.388,-0.26,-0.464,0,-0.26,0,-0.26,0,-0.26,-0.26,0,-0.26,-0.26,0,0
SSSTSTQVQILSNAL,-0.26,0,0,0,0,0,0,-0.26,0,-0.388,0,-0.26,0,-0.388,0,-0.528,-0.388,-0.26,0,0
RRLQVGGGTLKFFLT,0,0,0,0,-0.388,-0.464,0,0,-0.26,-0.464,0,0,0,-0.26,-0.388,0,-0.388,-0.26,0,0
GWWYKGRARPVSAVA,-0.464,0,0,0,0,-0.388,0,0,-0.26,0,0,0,-0.26,0,-0.388,-0.26,0,-0.388,-0.388,-0.26
RAVWRHSVATPSHSV,-0.388,0,0,0,0,0,-0.388,0,0,0,0,0,-0.26,0,-0.388,-0.464,-0.26,-0.464,-0.26,0
ADGSLLGRMKGAAG,-0.476,0,-0.272,0,0,-0.516,0,0,-0.272,-0.401,-0.272,0,0,0,-0.272,-0.272,0,0,0,0
PRPISYLKGSSGGPL,0,0,0,0,0,-0.464,0,-0.26,-0.26,-0.388,0,0,-0.464,0,-0.26,-0.464,0,0,0,-0.26
GQPEEGAPCQVVLQGA,-0.375,-0.25,0,-0.375,0,-0.453,0,0,0,-0.25,0,0,-0.375,-0.453,0,0,0,-0.375,0,0
GSRVQIRCRFRNSTR,0,-0.26,0,0,-0.26,-0.26,0,-0.26,0,0,0,-0.26,0,-0.26,-0.528,-0.388,-0.26,-0.26,0,0
WLVFFVIFYFFRRRKK,0,0,0,0,-0.524,0,0,-0.25,-0.375,-0.25,0,0,0,0,-0.453,0,0,-0.375,-0.25,-0.25
RRKKWLVFFVIFYFFR,0,0,0,0,-0.524,0,0,-0.25,-0.375,-0.25,0,0,0,0,-0.453,0,0,-0.375,-0.25,-0.25
RGGSVVIVGRIILSGRK,0,0,0,0,0,-0.491,0,-0.442,-0.24,-0.24,0,0,0,0,-0.442,-0.363,0,-0.442,0,0
FKLRAKIKVRLRAKIKL,-0.363,0,0,0,-0.24,0,0,-0.363,-0.519,-0.442,0,0,0,0,-0.442,0,0,-0.24,0,0
RTQRRGRTGRGKPGIYR,0,0,0,0,0,-0.491,0,-0.24,-0.24,0,0,0,-0.24,-0.24,-0.53,0,-0.363,0,0,-0.24
STQRRGRTGRGRRGIYR,0,0,0,0,0,-0.491,0,-0.24,0,0,0,0,0,-0.24,-0.527,-0.24,-0.363,0,0,-0.24
LFRLIKSLIKRLVSAFK,-0.24,0,0,0,-0.363,0,0,-0.363,-0.442,-0.491,0,0,0,0,-0.363,-0.363,0,-0.24,0,0
LFGLIPSLIGGLVSAFK,-0.24,0,0,0,-0.363,-0.442,0,-0.363,-0.24,-0.491,0,0,-0.24,0,0,-0.363,0,-0.24,0,0
AALEAKICHQIEYYFGDF,-0.431,-0.232,-0.232,-0.352,-0.352,-0.232,-0.232,-0.352,-0.232,-0.232,0,0,0,-0.232,0,0,0,0,0,-0.352
SWRLIDWDWICEVLSDFK,0,-0.232,-0.431,-0.232,-0.232,0,0,-0.352,-0.232,-0.352,0,0,0,0,-0.232,-0.352,0,-0.232,-0.431,0
KFDSLVECIWDWIDRLWS,0,-0.232,-0.431,-0.232,-0.232,0,0,-0.352,-0.232,-0.352,0,0,0,0,-0.232,-0.352,0,-0.232,-0.431,0
KWLCRIWSWISDVLDDFE,0,-0.232,-0.431,-0.232,-0.232,0,0,-0.352,-0.232,-0.352,0,0,0,0,-0.232,-0.352,0,-0.232,-0.431,0
SIWRDWVDLICEFLSDWK,0,-0.232,-0.431,-0.232,-0.232,0,0,-0.352,-0.232,-0.352,0,0,0,0,-0.232,-0.352,0,-0.232,-0.431,0
SWLRDVWDWVCTILTDFK,0,-0.232,-0.431,0,-0.232,0,0,-0.232,-0.232,-0.352,0,0,0,0,-0.232,-0.232,-0.352,-0.352,-0.431,0
DWLRIIWDWVCSVVSDFK,0,-0.232,-0.431,0,-0.232,0,0,-0.352,-0.232,-0.232,0,0,0,0,-0.232,-0.352,0,-0.431,-0.431,0
SWLWEVWDWVLHVLSDFK,0,0,-0.352,-0.232,-0.232,0,-0.232,0,-0.232,-0.431,0,0,0,0,0,-0.352,0,-0.431,-0.482,0
TWLRAIWDWVCTALTDFK,-0.352,-0.232,-0.352,0,-0.232,0,0,-0.232,-0.232,-0.352,0,0,0,0,-0.232,0,-0.431,-0.232,-0.431,0
SWLRDVWDWVCTVLSDFK,0,-0.232,-0.431,0,-0.232,0,0,0,-0.232,-0.352,0,0,0,0,-0.232,-0.352,-0.232,-0.431,-0.431,0
SWLRDIWRWICKVLSRFK,0,-0.232,-0.232,0,-0.232,0,0,-0.352,-0.352,-0.352,0,0,0,0,-0.431,-0.352,0,-0.232,-0.431,0
FILAFLGWIGAIVSTALP,-0.431,0,0,0,-0.352,-0.352,0,-0.431,0,-0.431,0,0,-0.232,0,0,-0.232,-0.232,-0.232,-0.232,0
AFLGWIGAIVSTALPQWR,-0.431,0,0,0,-0.232,-0.352,0,-0.352,0,-0.352,0,0,-0.232,-0.232,-0.232,-0.232,-0.232,-0.232,-0.352,0
GWIGAIVSTALPQWRIYS,-0.352,0,0,0,0,-0.352,0,-0.431,0,-0.232,0,0,-0.232,-0.232,-0.232,-0.352,-0.232,-0.232,-0.352,-0.232
GAIVSTALPQWRIYSYAG,-0.431,0,0,0,0,-0.352,0,-0.352,0,-0.232,0,0,-0.232,-0.232,-0.232,-0.352,-0.232,-0.232,-0.232,-0.352
AGDDQGLDKCVPNSKEK,-0.24,-0.24,-0.442,-0.24,0,-0.363,0,0,-0.442,-0.24,0,-0.24,-0.24,-0.24,0,-0.24,0,-0.24,0,0
IPESSELTLQELLGEERR,0,0,0,-0.513,0,-0.232,0,-0.232,0,-0.482,0,0,-0.232,-0.232,-0.352,-0.352,-0.232,0,0,0
SWLRDLWDWICELLSDFK,0,-0.232,-0.431,-0.232,-0.232,0,0,-0.232,-0.232,-0.482,0,0,0,0,-0.232,-0.352,0,0,-0.431,0
SWLRDIWDWLCELLSDFK,0,-0.232,-0.431,-0.232,-0.232,0,0,-0.232,-0.232,-0.482,0,0,0,0,-0.232,-0.352,0,0,-0.431,0
TLKPIFKLPLGINITNFR,0,0,0,0,-0.352,-0.232,0,-0.431,-0.352,-0.431,0,-0.352,-0.352,0,-0.232,0,-0.352,0,0,0
RGGRLCYCRRRFCVCVGR,0,-0.482,0,0,-0.232,-0.431,0,0,0,-0.232,0,0,0,0,-0.528,0,0,-0.352,0,-0.232
PPATHTIADRNHTPFSDV,-0.352,0,-0.352,0,-0.232,0,-0.352,-0.232,0,0,0,-0.232,-0.431,0,-0.232,-0.232,-0.431,-0.232,0,0
GVFVFNGTSWFITQRNFFS,0,0,0,0,-0.507,-0.342,0,-0.224,0,0,0,-0.342,0,-0.224,-0.224,-0.342,-0.342,-0.342,-0.224,0
GYFVQDDGEWKFTGSSYYY,0,0,-0.342,-0.224,-0.342,-0.42,0,0,-0.224,0,0,0,0,-0.224,0,-0.342,-0.224,-0.224,-0.224,-0.473
RQMRAWGQDYQHGGMGYSC,-0.224,-0.224,-0.224,0,0,-0.473,-0.224,0,0,0,-0.342,0,0,-0.42,-0.342,-0.224,0,0,-0.224,-0.342
TDVILMCFSIDSPDSLENI,0,-0.224,-0.42,-0.224,-0.224,0,0,-0.42,0,-0.342,-0.224,-0.224,-0.224,0,0,-0.42,-0.224,-0.224,0,0
RRKKAAVALLPAVLLALLAP,-0.521,0,0,0,0,0,0,0,-0.332,-0.521,0,0,-0.332,0,-0.332,0,0,-0.332,0,0
KVLTTGLPALISWIKRKRQQ,-0.216,0,0,0,0,-0.216,0,-0.332,-0.411,-0.411,0,0,-0.216,-0.332,-0.332,-0.216,-0.332,-0.216,-0.216,0
SGSWLRDIWDWICEVLSDFK,0,-0.216,-0.411,-0.216,-0.216,-0.216,0,-0.332,-0.216,-0.332,0,0,0,0,-0.216,-0.411,0,-0.216,-0.411,0
SWLRDIWDWICEVLSDFKTW,0,-0.216,-0.411,-0.216,-0.216,0,0,-0.332,-0.216,-0.332,0,0,0,0,-0.216,-0.332,-0.216,-0.216,-0.464,0
FWFTLIKTQAKQPARYRRFC,-0.332,-0.216,0,0,-0.411,0,0,-0.216,-0.332,-0.216,0,0,-0.216,-0.332,-0.411,0,-0.332,0,-0.216,-0.216
QYGSFCTQLNRALSGIAAEQ,-0.411,-0.216,0,-0.216,-0.216,-0.332,0,-0.216,0,-0.332,0,-0.216,0,-0.411,-0.216,-0.332,-0.216,0,0,-0.216
ALDKLEESNSKLDKVNVKLT,-0.216,0,-0.332,-0.332,0,0,0,0,-0.464,-0.464,0,-0.332,0,0,0,-0.332,-0.216,-0.332,0,0
FKVKAKVKAKVKAKVKAKKKK,-0.456,0,0,0,-0.209,0,0,0,-0.461,0,0,0,0,0,0,0,0,-0.456,0,0
PLSPPLRNTHPQAMQWNSTTF,-0.209,0,0,0,-0.209,0,-0.209,0,0,-0.323,-0.209,-0.323,-0.456,-0.323,-0.209,-0.323,-0.401,0,-0.209,0
QLQKWEDWVRWIGNIPQYLKG,0,0,-0.209,-0.209,0,-0.323,0,-0.323,-0.323,-0.323,0,-0.209,-0.209,-0.401,-0.209,0,0,-0.209,-0.401,-0.209
ARRAWRRARRAARRARRAARR,-0.53,0,0,0,0,0,0,0,0,0,0,0,0,0,-0.461,0,0,0,-0.209,0
FLDSKAELEKARKILSEVGRWY,-0.314,0,-0.203,-0.392,-0.203,-0.203,0,-0.203,-0.392,-0.392,0,0,0,0,-0.314,-0.314,0,-0.203,-0.203,-0.203
LPRRLHLEPAFLPYSVKAHECC,-0.314,-0.314,0,-0.314,-0.203,0,-0.314,0,-0.203,-0.447,0,0,-0.392,0,-0.314,-0.203,0,-0.203,0,-0.203
GYHLMSFPQAAPHGVVFLHVTW,-0.314,0,0,0,-0.314,-0.314,-0.392,0,0,-0.314,-0.203,0,-0.314,-0.203,0,-0.203,-0.203,-0.392,-0.203,-0.203
FAKKFAKKFKKFAKKFAKFAFAF,-0.506,0,0,0,-0.53,0,0,0,-0.53,0,0,0,0,0,0,0,0,0,0,0
FLFAFRIFKRVFKKFRKLFKRAF,-0.306,0,0,0,-0.53,0,0,-0.197,-0.479,-0.306,0,0,0,0,-0.439,0,0,-0.197,0,0
FALALKALKKALKKLKKALKKAL,-0.506,0,0,0,-0.197,0,0,0,-0.53,-0.522,0,0,0,0,0,0,0,0,0,0
FAIAIKAIKKAIKKIKKAIKKAI,-0.506,0,0,0,-0.197,0,0,-0.522,-0.53,0,0,0,0,0,0,0,0,0,0,0
QLESLTDRELLLLIARKTCGSVE,-0.197,-0.197,-0.197,-0.383,0,-0.197,0,-0.197,-0.197,-0.506,0,0,0,-0.197,-0.306,-0.306,-0.306,-0.197,0,0
LLDCWVRLGRYLLRRLKTPFTRL,0,-0.197,-0.197,0,-0.197,-0.197,0,0,-0.197,-0.522,0,0,-0.197,0,-0.479,0,-0.306,-0.197,-0.197,-0.197
MANAGLQLLGFILAFLGWIGAIVS,-0.431,0,0,0,-0.299,-0.431,0,-0.375,0,-0.471,-0.191,-0.191,0,-0.191,0,-0.191,0,-0.191,-0.191,0
SISNALNKLEESNRNLDKVNVKLT,-0.191,0,-0.191,-0.299,0,0,0,-0.191,-0.375,-0.431,0,-0.471,0,0,-0.191,-0.375,-0.191,-0.299,0,0
NILRLKESITATIEAVHEVTDGLS,-0.299,0,-0.191,-0.375,0,-0.191,-0.191,-0.375,-0.191,-0.375,0,-0.191,0,0,-0.191,-0.299,-0.375,-0.299,0,0
FRFKIKFRLKFRFKARFKFRAKFRA,-0.367,0,0,0,-0.526,0,0,-0.186,-0.494,-0.186,0,0,0,0,-0.494,0,0,0,0,0
SDHSESIQKKFQLMKEHVNKIGVDS,0,0,-0.292,-0.292,-0.186,-0.186,-0.292,-0.292,-0.423,-0.186,-0.186,-0.186,0,-0.292,0,-0.423,0,-0.292,0,0
FAVGLRAIKRALKKLRRGVRKVAKDL,-0.415,0,-0.181,0,-0.181,-0.285,0,-0.181,-0.457,-0.415,0,0,0,0,-0.457,0,0,-0.359,0,0
ALQELLGEYIQWLKDGGPSSGRPPPS,-0.181,0,-0.181,-0.285,0,-0.415,0,-0.181,-0.181,-0.415,0,0,-0.415,-0.285,-0.181,-0.359,0,0,-0.181,-0.181
CTEEHIVATELVIQEMYIKINVKNSP,-0.181,-0.181,0,-0.415,0,0,-0.181,-0.415,-0.285,-0.181,-0.181,-0.285,-0.181,-0.181,0,-0.181,-0.285,-0.359,0,-0.181
FKCRRWQWRMKKLGAPSITCVRRAFA,-0.359,-0.285,0,0,-0.285,-0.181,0,-0.181,-0.359,-0.181,-0.181,0,-0.181,-0.181,-0.457,-0.181,-0.181,-0.181,-0.285,0
FLAAARIAKRVAKKARKLAKRAARKRK,-0.528,0,0,0,-0.176,0,0,-0.176,-0.505,-0.278,0,0,0,0,-0.482,0,0,-0.176,0,0
KKKKFVKKVAKKVKKVAKKVAKVAVAV,-0.451,0,0,0,-0.176,0,0,0,-0.508,0,0,0,0,0,0,0,0,-0.52,0,0
KRKRFAKKFLRFLRKVIRFLKRFIRRF,-0.176,0,0,0,-0.482,0,0,-0.278,-0.482,-0.352,0,0,0,0,-0.52,0,0,-0.176,0,0
HMNASDMEIKSYINMIESVEESSNYDF,-0.176,0,-0.278,-0.408,-0.176,0,-0.176,-0.352,-0.176,0,-0.352,-0.352,0,0,0,-0.451,0,-0.176,0,-0.278
RWMVWRHWFHRLRLPYNPGKNKQNQQWP,0,0,0,0,-0.172,-0.172,-0.272,0,-0.272,-0.272,-0.172,-0.345,-0.345,-0.345,-0.401,0,0,-0.172,-0.401,-0.172
RIILGQCIKREAEAAIEQIFRTKYNDSH,-0.345,-0.172,-0.172,-0.345,-0.172,-0.172,-0.172,-0.444,-0.272,-0.172,0,-0.172,0,-0.272,-0.345,-0.172,-0.172,0,0,-0.172
CCFLRIQNDSIIRLGDLQPLSQRVSTDWQ,0,-0.266,-0.339,0,-0.168,-0.168,0,-0.339,0,-0.394,0,-0.168,-0.168,-0.394,-0.339,-0.339,-0.168,-0.168,-0.168,0
AWDFGSLGGVFTSIGKALHQVFGAIYGAA,-0.437,0,-0.168,0,-0.339,-0.47,-0.168,-0.266,-0.168,-0.266,0,0,0,-0.168,0,-0.266,-0.168,-0.266,-0.168,-0.168
AWDFGSVGGVLNSLGKMVHQIFGSAYTAL,-0.339,0,-0.168,0,-0.266,-0.437,-0.168,-0.168,-0.168,-0.339,-0.168,-0.168,0,-0.168,0,-0.339,-0.168,-0.339,-0.168,-0.168
AWDFGSIGGVFTSVGKLVHQVFGTAYGVL,-0.266,0,-0.168,0,-0.339,-0.47,-0.168,-0.168,-0.168,-0.266,0,0,0,-0.168,0,-0.266,-0.266,-0.437,-0.168,-0.168
AWDFGSVGGLFTSLGKAVHQVFGSVYTIM,-0.266,0,-0.168,0,-0.339,-0.437,-0.168,-0.168,-0.168,-0.266,-0.168,0,0,-0.168,0,-0.339,-0.266,-0.394,-0.168,-0.168
CRFPNITNSHVPILQERPPLENRVLTGWGL,0,-0.164,0,-0.26,-0.164,-0.26,-0.164,-0.26,0,-0.388,0,-0.332,-0.388,-0.164,-0.332,-0.164,-0.26,-0.26,-0.164,0
CCFLNITNSHVSILQERPPLENRVLTGWGL,0,-0.26,0,-0.26,-0.164,-0.26,-0.164,-0.26,0,-0.431,0,-0.332,-0.26,-0.164,-0.26,-0.26,-0.26,-0.26,-0.164,0
GAKKGAKKGKKGAKKGAKGAGAKGAGAFKKKK,-0.5,0,0,0,-0.156,-0.515,0,0,-0.522,0,0,0,0,0,0,0,0,0,0,0
VVTTRLFMSLVASVRNAFQSGYISFDEIIKTE,-0.25,0,-0.156,-0.25,-0.32,-0.156,0,-0.32,-0.156,-0.25,-0.156,-0.156,0,-0.156,-0.25,-0.375,-0.32,-0.375,0,-0.156
SMEKLAGFGAVGAGATAEETRRMLHRAFDTLA,-0.48,0,-0.156,-0.32,-0.25,-0.375,-0.156,0,-0.156,-0.32,-0.25,0,0,0,-0.32,-0.156,-0.32,-0.156,0,0
YKFACPECPKRFMRSDHLSKHITLHELLGEERR,-0.153,-0.245,-0.153,-0.369,-0.245,-0.153,-0.314,-0.153,-0.314,-0.369,-0.153,0,-0.245,0,-0.369,-0.245,-0.153,0,0,-0.153
DLSNQINSINKSLKSAEDWIADSNFFANQARTAK,-0.407,0,-0.309,-0.15,-0.24,0,0,-0.309,-0.309,-0.24,0,-0.407,0,-0.24,-0.15,-0.407,-0.15,0,-0.15,0
YDHIQDHVNTMFSRLATSWCLLQNKERALWAEAA,-0.407,-0.15,-0.24,-0.24,-0.15,0,-0.24,-0.15,-0.15,-0.363,-0.15,-0.24,0,-0.24,-0.24,-0.24,-0.24,-0.15,-0.24,-0.15
NADIIKSLIRKTIINASKNTASLSILQHLYVLRS,-0.309,0,-0.15,0,0,0,-0.15,-0.442,-0.309,-0.407,0,-0.309,0,-0.15,-0.24,-0.407,-0.24,-0.15,0,-0.15
HRIDLGPPISLERLDVGTNLGNAIAKLEDAKELLE,-0.304,0,-0.304,-0.358,0,-0.304,-0.147,-0.304,-0.236,-0.464,0,-0.236,-0.236,0,-0.236,-0.147,-0.147,-0.147,0,0
LGPPISLERLDVGTNLGNAIAKLEDAKELLESSDQ,-0.304,0,-0.304,-0.358,0,-0.304,0,-0.236,-0.236,-0.464,0,-0.236,-0.236,-0.147,-0.147,-0.304,-0.147,-0.147,0,0
ISLERLDVGTNLGNAIAKLEDAKELLESSDQILRS,-0.304,0,-0.304,-0.358,0,-0.236,0,-0.304,-0.236,-0.464,0,-0.236,0,-0.147,-0.236,-0.358,-0.147,-0.147,0,0
NSVALDPIDISIELNKAKSDLEESKEWIRRSNQKL,-0.236,0,-0.304,-0.358,0,0,0,-0.358,-0.358,-0.358,0,-0.304,-0.147,-0.147,-0.236,-0.401,0,-0.147,-0.147,0
LDPIDISIELNKAKSDLEESKEWIRRSNQKLDSIG,-0.147,0,-0.358,-0.358,0,-0.147,0,-0.401,-0.358,-0.358,0,-0.236,-0.147,-0.147,-0.236,-0.401,0,0,-0.147,0
DISIELNKAKSDLEESKEWIRRSNQKLDSIGNWHQ,-0.147,0,-0.304,-0.358,0,-0.147,-0.147,-0.358,-0.358,-0.304,0,-0.304,0,-0.236,-0.236,-0.401,0,0,-0.236,0
ELNKAKSDLEESKEWIRRSNQKLDSIGNWHQSSTT,-0.147,0,-0.236,-0.358,0,-0.147,-0.147,-0.236,-0.358,-0.304,0,-0.304,0,-0.236,-0.236,-0.436,-0.236,0,-0.236,0
DASISQVNEKINQSLAFIRKSDELLHNVNAGKSTT,-0.304,0,-0.236,-0.236,-0.147,-0.147,-0.147,-0.304,-0.304,-0.304,0,-0.358,0,-0.236,-0.147,-0.401,-0.236,-0.236,0,0
KWKVFKKIEKMGRNIRNGIVKAGPAIAVLGEAKAL,-0.401,0,0,-0.236,-0.147,-0.358,0,-0.358,-0.464,-0.236,-0.147,-0.236,-0.147,0,-0.236,0,0,-0.304,-0.147,0
FAVAVKAVAVKAVAVKAVKKAVKKVKKAVKKAVKKKK,-0.51,0,0,0,-0.141,0,0,0,-0.528,0,0,0,0,0,0,0,0,-0.52,0,0
KRKRAVKRVGRRLKKLARKIARLGVAKLAGLRAVKLF,-0.426,0,0,0,-0.141,-0.294,0,-0.141,-0.478,-0.426,0,0,0,0,-0.478,0,0,-0.347,0,0
GICRCICGRGICRCICGRIGGRVPGVGVPGVGHHHHHH,0,-0.42,0,0,0,-0.507,-0.42,-0.385,0,0,0,0,-0.224,0,-0.385,0,0,-0.342,0,0
NGIGVTQNVLYENQKQIANQFNKAISQIQESLTTTSTA,-0.289,0,0,-0.224,-0.138,-0.224,0,-0.342,-0.224,-0.224,0,-0.385,0,-0.42,0,-0.289,-0.385,-0.224,0,-0.138
NFYDPLVFPSDEFDASISQVNEKINQSLASIRKSDELLHNVNAGK,-0.26,0,-0.31,-0.26,-0.26,-0.122,-0.122,-0.26,-0.26,-0.31,0,-0.352,-0.2,-0.2,-0.122,-0.388,0,-0.26,0,-0.122
QKQIANQFNKAISQIQESLTTTSTALGKLQDVVNQNAQALNTLVKQ,-0.348,0,-0.12,-0.12,-0.12,-0.12,0,-0.257,-0.306,-0.348,0,-0.348,0,-0.46,0,-0.257,-0.348,-0.257,0,0
QNQSANQFQKEISQINEVLTTTNTSLGKLQDDVNQNNQSLNTLQKE,-0.12,0,-0.197,-0.257,-0.12,-0.12,0,-0.197,-0.257,-0.348,0,-0.439,0,-0.46,0,-0.306,-0.348,-0.197,0,0
GRRRRSVQWCAVSQPEATKCFQWQRNMRKVRGPPVSCIKRDSPIQCIQA,-0.247,-0.295,-0.115,-0.115,-0.115,-0.188,0,-0.247,-0.247,0,-0.115,-0.115,-0.295,-0.371,-0.427,-0.295,-0.115,-0.295,-0.188,0
AVSKVLHLEGEVNKISALLSTNKAVVSLSNGVSVLTSKVLDLDNYIDKQLLPIVNK,-0.226,0,-0.226,-0.172,0,-0.172,-0.104,-0.226,-0.345,-0.444,0,-0.311,-0.104,-0.104,0,-0.375,-0.172,-0.424,0,-0.104
PKEELDKYFKNHTSPDVDLGDISGINASVVNIQKEIDRLNEVAKNLNESLIDLQELGKYE,-0.164,0,-0.332,-0.362,-0.098,-0.216,-0.098,-0.299,-0.332,-0.362,0,-0.332,-0.164,-0.164,-0.098,-0.26,-0.098,-0.26,0,-0.164
EELRVRLASHLRKLRKRLLRDADDLQKRLAVYEEQAQQIRLQAEAFQARLKSWFEPLVEDM,-0.358,0,-0.258,-0.358,-0.162,0,-0.097,-0.097,-0.258,-0.446,-0.097,0,-0.097,-0.329,-0.407,-0.162,0,-0.214,-0.097,-0.097
SLDQINVTFLDLEYEMKKLEEAIKKLEESYIDLKEL,-0.144,0,-0.299,-0.459,-0.144,0,0,-0.299,-0.396,-0.459,-0.144,-0.144,0,-0.144,0,-0.232,-0.144,-0.144,0,-0.232
NGAICWGPCPTAFRQIGNCGHFKVRCCKIR,-0.26,-0.431,0,0,-0.26,-0.388,-0.164,-0.332,-0.26,0,0,-0.26,-0.26,-0.164,-0.332,0,-0.164,-0.164,-0.164,0
ATCYCRTGRCATRESLSGVCEISGRLYRLCCR,-0.25,-0.453,0,-0.25,0,-0.32,0,-0.156,0,-0.32,0,0,0,0,-0.453,-0.32,-0.32,-0.156,0,-0.25
CFPYITRPGTYHDWWYTRKNRQ,0,-0.203,-0.203,0,-0.203,-0.203,-0.203,-0.203,-0.203,0,0,-0.203,-0.314,-0.203,-0.392,0,-0.392,0,-0.314,-0.392
YTSLIHSLIEESQNQQEKNEQELLELDKWASLWNWF,-0.144,0,-0.144,-0.431,-0.144,0,-0.144,-0.232,-0.232,-0.431,0,-0.299,0,-0.352,0,-0.352,-0.144,0,-0.299,-0.144
ILPWKWPWWPWRR,0,0,0,0,0,0,0,-0.285,-0.285,-0.285,0,0,-0.488,0,-0.415,0,0,0,-0.53,0
GTNLSVPNPLGFFPDHQLDPAFGANSNNPDWDFNPNKDHWPEANKVG,-0.253,0,-0.344,-0.118,-0.303,-0.303,-0.194,0,-0.194,-0.253,0,-0.435,-0.409,-0.118,0,-0.194,-0.118,-0.194,-0.194,0
SWETWEREIENYTRQIYRILEESQEQQDRNERDLLE,0,0,-0.232,-0.5,0,0,0,-0.299,0,-0.299,0,-0.232,0,-0.352,-0.396,-0.232,-0.232,0,-0.232,-0.232