id,Sequence,M wt (Da),Number of Amnio Acids,Charged (DEKHR),Aliphatic (ILV),Aromatic (FHWY),Polar (DERKQN),Neutral (AGHPSTY),Hydrophobic (CFILMVW),+ charged (KRH),- charged (DE),Tiny (ACDGST),Small (EHILKMNPQV),Large (FRWY)
">seq0,",ERKVDFLEENITALLEEAQIQQEKNMYELQKLNSW,4277,35,34.28,22.86,8.57,54.28,14.29,31.43,11.43,22.86,14.29,74.28,11.43
">seq1,",FLEENITALLEEAQIQQEKNMYELQKLNSWDVFGN,4182,35,25.71,22.86,11.43,48.57,17.14,34.28,5.71,20,17.14,71.43,11.43
">seq2,",WQEWERKVDFLEENITALLEEAQIQQEKNMYELQK,4406,35,37.14,20,11.43,57.14,11.43,31.43,11.43,25.71,11.43,74.28,14.29
">seq3,",QKKCPGRCTLKCGKHERPTLPYNCGKYICCVPVKVK,4075,36,30.56,16.67,8.33,33.33,33.33,33.33,27.78,2.78,30.56,58.33,11.11
">seq4,",AVSPTTLRTEVVKTFRRDKPFPHRMDCVTT,3486,30,33.33,16.67,10,30,40,30,23.33,10,36.67,43.33,20
">seq5,",LAEGPPVKECAVTCRYDKDADINVVTQARN,3273,30,30,20,3.33,40,33.33,26.67,13.33,16.67,40,50,10
">seq6,",VSRRYLASLHKKALPTSVTFELLFDGTNPS,3345,30,23.33,23.33,13.33,23.33,46.67,30,16.67,6.67,36.67,46.67,16.67
">seq7,",VEENMKKLEERLKKREELFKKQEEWFKKWFERSKKFT,4886,37,59.46,10.81,16.22,64.87,5.41,29.73,35.14,24.32,5.41,70.27,24.32
">seq8,",VRDNMAKLRERLKQRQQLFDSQQGWFEGWFNRSPWFT,4682,37,29.73,10.81,18.92,48.65,18.92,32.43,18.92,10.81,21.62,45.95,32.43
">seq9,",EWYNQTKDLQQKFYEIIMDIEQNNVQGKKGIQQLQ,4295,35,25.71,20,11.43,57.14,14.29,28.57,11.43,14.29,14.29,74.28,11.43
">seq10,",ITLGEWYNQTKDLQQKFYEIIMDIEQNNVQGKKGI,4182,35,25.71,22.86,11.43,48.57,20,31.43,11.43,14.29,20,68.57,11.43
">seq11,",IWNHGNLTLGEWYNQTKDLQQKFYEIITMDIEQNNV,4393,36,22.22,22.22,16.67,44.45,22.22,33.33,8.33,13.89,19.45,66.67,13.89
">seq12,",TKDLQQKFYEIIMDIEQNNVQGKKGIQQLQKWEDW,4319,35,31.43,20,11.43,57.14,11.43,31.43,14.29,17.14,17.14,71.43,11.43
">seq13,",AGAGTGATAIGMVTQYHQVL,1944,20,5,20,10,10,65,25,5,0,55,40,5
">seq14,",CNCTNSSSSYSGTKMACPSNRG,2253,22,9.09,0,4.54,22.73,59.09,18.18,9.09,0,63.64,27.27,9.09
">seq15,",EGGTLGNWAREIWATLFKKA,2246,20,25,15,15,30,40,30,15,10,40,40,20
">seq16,",EGPGLGNWAREIWATLFKKA,2242,20,25,15,15,30,40,30,15,10,35,45,20
">seq17,",EGPTGGNWAREIWATLFKKA,2230,20,25,10,15,30,45,25,15,10,40,40,20
">seq18,",EGPTLGGWAREIWATLFKKA,2229,20,25,15,15,25,45,30,15,10,40,40,20
">seq19,",EGPTLGNWAGEIWATLFKKA,2187,20,20,15,15,25,45,30,10,10,40,45,15
">seq20,",EGPTLGNWAREGWATLFKKA,2230,20,25,10,15,30,45,25,15,10,40,40,20
">seq21,",EGPTLGNWAREIWAGLFKKA,2242,20,25,15,15,30,40,30,15,10,35,45,20
">seq22,",EGPTLGNWAREIWATGFKKA,2230,20,25,10,15,30,45,25,15,10,40,40,20
">seq23,",EGPTLGNWAREIWATLFKGA,2215,20,20,15,15,25,45,30,10,10,40,40,20
">seq24,",EGPTLGNWAREIWATLFKKG,2272,20,25,15,15,30,40,30,15,10,35,45,20
">seq25,",EGPTLGNWAREIWATLGKKA,2196,20,25,15,10,30,45,25,15,10,40,45,15
">seq26,",EGPTLGNWAREIWGTLFKKA,2272,20,25,15,15,30,40,30,15,10,35,45,20
">seq27,",EGPTLGNWARGIWATLFKKA,2214,20,20,15,15,25,45,30,15,5,40,40,20
">seq28,",EGPTLGNWGREIWATLFKKA,2272,20,25,15,15,30,40,30,15,10,35,45,20
">seq29,",EIWATLFKKATRQCRRGRIW,2517,20,35,15,15,40,25,35,30,5,30,35,35
">seq30,",GGPTLGNWAREIWATLFKKA,2214,20,20,15,15,25,45,30,15,5,40,40,20
">seq31,",HVMLALATVLSIAGAGTGATAI,2036,22,4.54,31.82,4.54,0,63.64,36.36,4.54,0,59.09,40.91,0
">seq32,",IGLKVEAMEKFLYTAFAMQE,2317,20,25,20,15,30,30,40,10,15,25,60,15
">seq33,",IGNIPQYLKGLLGGILGIGL,2007,20,5,45,5,15,40,45,5,0,30,65,5
">seq34,",LLGGILGIGLGVLLLILCLP,1958,20,0,65,0,0,30,70,0,0,30,70,0
">seq35,",NVQGKTGIQQLQKWEDWVRW,2497,20,25,20,15,50,15,35,15,10,20,60,20
">seq36,",PDYLLVPEEVMEYKPRRKRAAI,2671,22,40.91,22.73,9.09,40.91,31.82,27.27,22.73,18.18,13.64,63.64,22.73
">seq37,",RGILRNWYNPFAGLRQSLEQ,2416,20,20,20,15,40,30,30,15,5,20,50,30
">seq38,",SGTKMACPSNRGILRNWYNP,2263,20,15,10,10,30,45,25,15,0,35,45,20
">seq39,",TGALKINNLRLVTLEHQVLV,2229,20,20,45,5,30,25,45,15,5,20,75,5
">seq40,",TRQCRRGRIWKRWNETITGP,2512,20,35,10,10,45,30,25,30,5,30,35,35
">seq41,",YKPRRKRAAIHVMLALATVLSI,2505,22,27.27,31.82,9.09,22.73,40.91,36.36,27.27,0,27.27,54.54,18.18
">seq42,",KHMHWHPPALNT,1467,12,33.33,8.33,33.33,16.67,58.33,25,33.33,0,16.67,75,8.33
">seq43,",LPRRLHLEPAFLPYSVKAHECC,2577,22,31.82,22.73,18.18,22.73,40.91,36.36,22.73,9.09,22.73,59.09,18.18
">seq44,",SFAIKWEYVLLLFLL,1853,15,13.33,46.67,26.67,13.33,20,66.67,6.67,6.67,13.33,60,26.67
">seq45,",SWLRDIWDWLCELLSDFK,2323,18,33.34,27.78,22.22,33.34,11.11,55.56,11.11,22.22,33.33,38.89,27.78
">seq46,",SWLRDLWDWICELLSDFK,2323,18,33.34,27.78,22.22,33.34,11.11,55.56,11.11,22.22,33.33,38.89,27.78
">seq47,",SWLRDLWDWLCEVLSDFK,2309,18,33.34,27.78,22.22,33.34,11.11,55.56,11.11,22.22,33.33,38.89,27.78
">seq48,",SGSWLRDIWDWICEVLSDFK,2453,20,30,25,20,30,20,50,10,20,40,35,25
">seq49,",SWLRDIWDWICEVLSDFKTW,2596,20,30,25,25,30,15,55,10,20,35,35,30
">seq50,",SWRLIDWDWICEVLSDFK,2309,18,33.34,27.78,22.22,33.34,11.11,55.56,11.11,22.22,33.33,38.89,27.78
">seq51,",KFDSLVECIWDWIDRLWS,2309,18,33.34,27.78,22.22,33.34,11.11,55.56,11.11,22.22,33.33,38.89,27.78
">seq52,",KWLCRIWSWISDVLDDFE,2309,18,33.34,27.78,22.22,33.34,11.11,55.56,11.11,22.22,33.33,38.89,27.78
">seq53,",SIWRDWVDLICEFLSDWK,2309,18,33.34,27.78,22.22,33.34,11.11,55.56,11.11,22.22,33.33,38.89,27.78
">seq54,",SWLRDVWDWICTVLTDFK,2281,18,27.78,27.78,22.22,27.78,16.67,55.56,11.11,16.67,38.89,33.33,27.78
">seq55,",SWLRDVWDWVCTILTDFK,2281,18,27.78,27.78,22.22,27.78,16.67,55.56,11.11,16.67,38.89,33.33,27.78
">seq56,",DWLRIIWDWVCSVVSDFK,2265,18,27.78,33.33,22.22,27.78,11.11,61.11,11.11,16.67,33.33,38.89,27.78
">seq57,",SWLWEVWDWVLHVLSDFK,2343,18,27.78,33.33,33.33,22.22,16.67,61.11,11.11,16.67,22.22,50,27.78
">seq58,",SWLRDVWDWVCTVLSDFK,2253,18,27.78,27.78,22.22,27.78,16.67,55.56,11.11,16.67,38.89,33.33,27.78
">seq59,",SWLDDIWDWICEVLSDFE,2269,18,33.33,27.78,22.22,33.33,11.11,55.56,0,33.33,38.89,38.89,22.22
">seq60,",SWLDRIWRWICKVLSRFE,2391,18,33.34,27.78,22.22,33.34,11.11,55.56,22.22,11.11,22.22,38.89,38.89
">seq61,",SWLRDIWRWICKVLSRFK,2390,18,33.33,27.78,22.22,33.33,11.11,55.56,27.78,5.56,22.22,38.89,38.89
">seq62,",VALDPIDISIELNKAKSDLEESKEWIRRSNQKLDSD,4152,36,41.67,25,2.78,50,22.22,27.78,16.67,25,33.33,58.33,8.33
">seq63,",AKITFTNNHPRTIWP,1794,15,20,13.33,20,26.67,46.67,26.67,20,0,26.67,53.33,20
">seq64,",CGESCAMISFCFTEVIGCSCKNKVCYLNSIS,3337,31,12.9,19.35,9.68,19.36,32.26,48.39,6.45,6.45,48.39,41.94,9.68
">seq65,",CGESCVFIPCITSVAGCSCKSKVCYRNGIP,3122,30,13.33,20,6.67,16.67,40,43.33,10,3.33,50,40,10
">seq66,",CGSVFLVGQLFTFSPRHH,2030,18,16.67,22.22,27.78,11.11,44.44,44.45,16.67,0,33.33,44.45,22.22
">seq67,",CLGVGSCNDFAGCGYAIVCFW,2183,21,4.76,19.05,19.05,9.52,38.1,52.38,0,4.76,57.14,23.81,19.05
">seq68,",DCPNGPWVWVPAFCQAVGWG,2187,20,5,15,20,15,40,45,0,5,40,40,20
">seq69,",DREINNYTSLIHSLIEESQNQQEKNEQELLELDKWA,4354,36,36.11,22.22,8.33,55.56,19.44,25,11.11,25,19.45,72.22,8.33
">seq70,",EELAKKAEELAKKAEELAKKAEELAKKAWASLWNWF,4184,36,44.44,13.89,11.11,47.22,27.78,25,22.22,22.22,27.78,61.11,11.11
">seq71,",GADFQECMKEHSQKQHQHQG,2351,20,40,0,20,50,35,15,25,15,30,65,5
">seq72,",GDPTFCGETCRVIPVCTYSAALGCTCDDRSDGLCKRN,3924,37,24.32,13.51,5.41,27.03,40.54,32.43,10.81,13.51,59.46,27.03,13.51
">seq73,",GFCRCICTRGFCRCICTR,2096,18,22.22,11.11,11.11,22.22,22.22,55.56,22.22,0,55.56,11.11,33.33
">seq74,",GFCRCLCRRGVCRCICTR,2103,18,27.78,16.67,5.56,27.78,16.67,55.56,27.78,0,50,16.67,33.33
">seq75,",GIGGKILSGLKTALKGAAKELASTYLH,2695,27,22.22,25.93,7.41,18.52,55.56,25.93,18.52,3.7,48.15,48.15,3.7
">seq76,",GIGTKILGGVKTALKGALKELASTYAN,2672,27,18.52,25.93,3.7,22.22,51.85,25.93,14.81,3.7,48.15,48.15,3.7
">seq77,",GIKEFKREFQRIKDFLRNLV,2534,20,45,25,15,55,5,40,30,15,10,60,30
">seq78,",GIKEFKRIVQRIKDFLRNLV,2470,20,40,35,10,50,5,45,30,10,10,65,25
">seq79,",GIKYFSMVGNWAKVLVVL,2022,18,11.11,38.89,16.67,16.67,27.78,55.56,11.11,0,22.22,61.11,16.67
">seq80,",GIPCAESCVWIPCTVTALVGCSCSDKVCYN,3119,30,10,23.33,6.67,13.33,40,46.67,3.33,6.67,53.33,40,6.67
">seq81,",GIPCGESCVFIPCLTTVAGCSCKNKVCYRN,3163,30,13.33,20,6.67,20,36.67,43.33,10,3.33,46.67,43.33,10
">seq82,",GLPICGETCVGGTCNTPGCSCSWPVCTRN,2913,29,6.9,13.79,3.45,13.79,48.28,37.93,3.45,3.45,58.62,34.48,6.9
">seq83,",GPWVWVPAFCQAVGWGDPIT,2184,20,5,20,20,10,45,45,0,5,40,40,20
">seq84,",GRFKRFRKKFKKLFKKIS,2340,18,55.56,11.11,22.22,55.56,11.11,33.33,55.56,0,11.11,50,38.89
">seq85,",GTACGESCYVLPCFTVGCTCTSSQCFKN,2907,28,7.14,10.71,10.71,14.28,46.43,39.29,3.57,3.57,60.71,28.57,10.71
">seq86,",GTKALTEVIPLTEEAEC,1802,17,29.41,23.53,0,29.41,41.18,29.41,5.88,23.53,41.18,58.82,0
">seq87,",GTKWLTEWIPLTAEAEC,1946,17,23.53,17.65,11.77,23.53,41.18,35.29,5.88,17.65,41.18,47.06,11.77
">seq88,",GVCRCICGRGVCRCICGR,1912,18,22.22,22.22,0,22.22,22.22,55.56,22.22,0,55.55,22.22,22.22
">seq89,",GVIPCGESCVFIPCISAAIGCSCKNKVCYRN,3232,31,12.9,22.58,6.45,19.36,35.48,45.16,9.68,3.23,45.16,45.16,9.68
">seq90,",GVPCGESCVFIPCITGVIGCSCSSNVCYLN,3022,30,3.33,26.67,6.67,10,40,50,0,3.33,50,43.33,6.67
">seq91,",IWNNMTWMEWDREINNYTSLIHSLIEESQNQQEKNE,4520,36,27.78,16.67,13.89,50,19.45,30.56,8.33,19.45,16.67,69.45,13.89
">seq92,",KIMAKPSKFYEQLRGR,1950,16,37.5,12.5,12.5,43.75,31.25,25,31.25,6.25,18.75,56.25,25
">seq93,",KIPCGESCVWIPCLTSVFNCKCENKVCYHD,3416,30,23.33,20,13.33,26.67,26.67,46.67,13.33,10,36.67,53.33,10
">seq94,",KPVSLSYRCPCRFF,1701,14,21.43,14.29,21.43,21.43,35.71,42.86,21.43,0,28.57,35.71,35.71
">seq95,",LCDCPNGPWVWVPAFCQAVG,2160,20,5,20,15,15,35,50,0,5,40,45,15
">seq96,",LEAIPCSIPPCFAFNKDFVF,2256,20,15,20,20,20,30,50,5,10,30,50,20
">seq97,",LEAIPCSIPPCLAFAKPFVF,2161,20,10,25,15,10,40,50,5,5,30,55,15
">seq98,",LEAIPCSIPPCVFFGKPFVF,2209,20,10,25,20,10,35,55,5,5,25,55,20
">seq99,",LEAIPCSIPPCVLFNKPFVF,2232,20,10,30,15,15,30,55,5,5,20,65,15
">seq100,",LEAIPCSIPPEFLFGKPFVFLEAIPCSIPPEFLFGKPFVF,4480,40,15,25,20,15,35,50,5,10,20,60,20
">seq101,",LEAIPISIPPEVFFGKPFVF,2245,20,15,30,20,15,35,50,5,10,15,65,20
">seq102,",LEAIPMCIPPECFFNKPFVF,2340,20,15,20,20,20,25,55,5,10,15,65,20
">seq103,",LEAIPMCIPPECLFGKPFVF,2249,20,15,25,15,15,30,55,5,10,20,65,15
">seq104,",LEAIPMKIPPEFLFGKPFVF,2318,20,20,25,20,20,30,50,10,10,10,70,20
">seq105,",LEAIPMSCPPEFCFGKPFVF,2257,20,15,15,20,15,35,50,5,10,25,55,20
">seq106,",LEAIPMSIPPEFAFNKDFVF,2310,20,20,20,20,25,30,45,5,15,20,60,20
">seq107,",LEAIPMSIPPEIAFNKPFVF,2258,20,15,25,15,20,35,45,5,10,15,70,15
">seq108,",LEAIPMSIPPELAFAKPFVF,2215,20,15,25,15,15,40,45,5,10,20,65,15
">seq109,",LEAIPMSIPPEVKFNKPFVF,2301,20,20,25,15,25,30,45,10,10,10,75,15
">seq110,",LIHSLIEESQNQQEKNEQELLELDKWASLWNWFNIT,4423,36,27.78,25,13.89,47.22,16.67,36.11,8.33,19.45,16.67,72.22,11.11
">seq111,",LLGDLLRKSKEKIGKEFKRIVQRIKDFLRNLVPRTES,4420,37,43.24,29.73,5.41,48.65,16.22,35.13,29.73,13.51,18.92,62.16,18.92
">seq112,",LLRIPQAIMDMIAGAHWG,1991,18,16.67,27.78,11.11,16.67,38.89,44.45,11.11,5.56,33.33,55.56,11.11
">seq113,",LPLPAPSFHRTT,1335,12,16.67,16.67,16.67,8.33,66.67,25,16.67,0,33.33,50,16.67
">seq114,",NEYHGFVDKANNENKRKKQQGRDDFVVKPNNFANRRRKDDYNENYYDDVDAADVV,6589,55,43.64,10.91,14.55,61.82,21.82,16.36,21.82,21.82,27.27,50.91,21.82
">seq115,",NGVIPCGESCVFIPCISTLLGCSKNKVCYR,3201,30,13.33,26.67,6.67,20,33.33,46.67,10,3.33,40,50,10
">seq116,",NNYTSLIHSLIEESQNQQEKNEQELLELDKWASLWN,4341,36,27.78,22.22,11.11,50,22.22,27.78,8.33,19.45,19.45,72.22,8.33
">seq117,",PNGPWVWVPAFCQAVGWGDP,2181,20,5,15,20,15,45,40,0,5,35,45,20
">seq118,",PQITLRKKRRQRRRPPQVSFNFATLNF,3352,27,29.63,14.82,11.11,48.15,25.93,25.93,29.63,0,14.81,51.85,33.33
">seq119,",PTGERVWDRGNVTLLCDCPN,2243,20,25,20,5,35,30,35,10,15,40,45,15
">seq120,",QLLDVVKRQQEMLRLTVWGTKNLQARVTAIEKYLKDQ,4409,37,29.73,29.73,5.41,45.95,18.92,35.14,18.92,10.81,21.62,64.87,13.51
">seq121,",QLLIRMIYKNILFYLVPGPGHGAEPERRNIKYL,3909,33,24.24,30.3,15.15,30.3,33.33,36.36,18.18,6.06,12.12,66.67,21.21
">seq122,",RGGRLCYCRRRFCVCVGR,2158,18,33.33,16.67,11.11,33.33,22.22,44.44,33.33,0,38.89,16.67,44.44
">seq123,",RGNVTLLCDCPNGPWVWVPA,2195,20,10,25,10,20,35,45,5,5,35,50,15
">seq124,",RIPTGERVWDRGNVTLLCDC,2301,20,30,25,5,35,25,40,15,15,40,40,20
">seq125,",SGKSFKAGVCPPKKSAQCLRYKKPECQSDWQCPGKKRCCPDTCGIKCLDPVDTPNPTRRKPGKCPVTYGQCLMLNPPNFCEMDGQCKRDLKCCMGMCGKSCVSPVKA,11712,107,26.17,10.28,4.67,33.65,34.58,31.78,18.69,7.48,41.12,49.53,9.35
">seq126,",SNQGGSPLPRSV,1197,12,8.33,16.67,0,25,58.33,16.67,8.33,0,41.67,50,8.33
">seq127,",SSGLYHVTNDCPNSSIVY,1954,18,11.11,22.22,16.67,16.67,55.56,27.78,5.56,5.56,44.45,44.45,11.11
">seq128,",SYRCPCRFFES,1393,11,27.27,0,27.27,27.27,36.36,36.36,18.18,9.09,36.36,18.18,45.45
">seq129,",SYSMEHFRWGKPV,1622,13,30.77,7.69,30.77,23.08,46.15,30.77,23.08,7.69,23.08,46.15,30.77
">seq130,",TLLCDCPNGPWVWVPAFCQA,2218,20,5,20,15,15,35,50,0,5,40,45,15
">seq131,",VCYRNGIPCGESCVWIPCISAALGSCK,2827,27,11.11,22.22,7.41,14.82,40.74,44.45,7.41,3.7,48.15,40.74,11.11
">seq132,",WDRGNVTLLCDCPNGPWVWV,2328,20,15,25,15,25,25,50,5,10,35,45,20
">seq133,",WMEWDREIEALAKAAEALAKAAEALAKAAWASLWNWF,4215,37,27.03,13.51,16.22,29.73,37.84,32.43,10.81,16.22,40.54,40.54,18.92
">seq134,",WMEWDREIEEAAKKLEEAAKKLEEAAKKLWASLWNWF,4560,37,43.24,13.51,16.22,45.95,21.62,32.43,18.92,24.32,24.32,56.76,18.92
">seq135,",WVWVPAFCQAVGWGDPITHW,2353,20,10,20,30,10,40,50,5,5,35,40,25
">seq136,",YPGHITGHRMANMMMNW,2045,17,17.65,5.88,23.53,17.65,47.06,35.29,17.65,0,23.53,58.82,17.65
">seq137,",YQLAIRMIYKNI,1524,12,16.67,33.33,16.67,33.33,25,41.67,16.67,0,8.33,66.67,25
">seq138,",YQLLIRAIYKNI,1506,12,16.67,41.67,16.67,33.33,25,41.67,16.67,0,8.33,66.67,25
">seq139,",YQLLIRMAYKNI,1524,12,16.67,33.33,16.67,33.33,25,41.67,16.67,0,8.33,66.67,25
">seq140,",YQLLIRMIAKNI,1474,12,16.67,41.67,8.33,33.33,16.67,50,16.67,0,8.33,75,16.67
">seq141,",YQLLIRMIYANI,1509,12,8.33,41.67,16.67,25,25,50,8.33,0,8.33,66.67,25
">seq142,",YQLLIRMIYKAI,1523,12,16.67,41.67,16.67,25,25,50,16.67,0,8.33,66.67,25
">seq143,",YQLLIRMIYKNA,1524,12,16.67,33.33,16.67,33.33,25,41.67,16.67,0,8.33,66.67,25
">seq144,",YTSLIHSLIEESQNQQEKNQQELLQLDKWASLWNWF,4444,36,22.22,22.22,16.67,44.45,22.22,33.33,8.33,13.89,19.45,66.67,13.89
">seq145,",YTSLIQSLIEESQNQQEKNEQQLLELDKWASLWNWF,4436,36,22.22,22.22,13.89,47.22,19.45,33.33,5.56,16.67,19.45,66.67,13.89
">seq146,",ALWKTMLKKLGTMALHAGKAALGAAADTISQGTQ,3451,34,17.65,17.65,5.88,20.59,52.94,26.47,14.71,2.94,52.94,44.12,2.94
">seq147,",GLFGVLAKVAAHVVPAIAEHF,2144,21,19.05,33.33,19.05,9.52,47.62,42.86,14.29,4.76,33.33,57.14,9.52
">seq148,",GLLSVLGSVAKHVLPHVVPVIAEHL,2582,25,20,48,12,8,44,48,16,4,24,76,0
">seq149,",CGRLLLRRQRRRAHQN,2031,16,43.75,18.75,6.25,56.25,18.75,25,43.75,0,18.75,43.75,37.5
">seq150,",EWRKKRYSTQV,1479,11,45.45,9.09,18.18,54.55,27.27,18.18,36.36,9.09,18.18,45.45,36.36
">seq151,",FFGKVLKLIRKIF,1607,13,30.77,38.46,23.08,30.77,7.69,61.54,30.77,0,7.69,61.54,30.77
">seq152,",FFHHIFRGIVHVGKTIHRLVTG,2569,22,31.82,31.82,31.82,13.64,40.91,45.45,31.82,0,22.73,54.54,22.73
">seq153,",GFKDLLKGAAKALVKTVLF,2017,19,26.32,31.58,10.53,26.32,31.58,42.11,21.05,5.26,36.84,52.63,10.53
">seq154,",GFLDIIEKIAKSW,1518,13,30.77,30.77,15.38,30.77,23.08,46.15,15.38,15.38,30.77,53.85,15.38
">seq155,",GFLSILKKVLPKVMAHMK,2038,18,27.78,33.33,11.11,22.22,27.78,50,27.78,0,16.67,77.78,5.56
">seq156,",GFNEIVQDIEDFLQNLV,1991,17,23.53,35.3,11.77,47.06,5.88,47.06,0,23.53,17.65,70.59,11.77
">seq157,",GIGAVLKVLTTGLPALISWIKRKRQQ,2844,26,19.23,34.62,3.85,26.92,34.61,38.46,19.23,0,30.77,57.69,11.54
">seq158,",GIIDIAKKLFESW,1518,13,30.77,30.77,15.38,30.77,23.08,46.15,15.38,15.38,30.77,53.85,15.38
">seq159,",GIWDTIKSMGKVFAGKILQNL,2317,21,19.05,28.57,9.52,28.57,28.57,42.86,14.29,4.76,33.33,57.14,9.52
">seq160,",GIWSDLAEIIKKF,1518,13,30.77,30.77,15.38,30.77,23.08,46.15,15.38,15.38,30.77,53.85,15.38
">seq161,",GLLGLLGSVVSHVVPAIVGHF,2069,21,9.52,47.62,14.29,0,47.62,52.38,9.52,0,33.33,61.91,4.76
">seq162,",GLRRLLGRLLRRLGRLLLR,2298,19,36.84,47.37,0,36.84,15.79,47.37,36.84,0,15.79,47.37,36.84
">seq163,",GLRSKIWLWVLLMIWQESNKFKKM,3032,24,25,29.17,16.67,33.34,12.5,54.17,20.83,4.17,12.5,66.67,20.83
">seq164,",GLRSRIWLWVLLMIWQESNRFKRM,3116,24,25,29.17,16.67,33.34,12.5,54.17,20.83,4.17,12.5,54.17,33.33
">seq165,",GWFDIIKKIASEL,1518,13,30.77,30.77,15.38,30.77,23.08,46.15,15.38,15.38,30.77,53.85,15.38
">seq166,",GWFDVVKHIAKRF,1601,13,38.46,23.08,30.77,30.77,23.08,46.15,30.77,7.69,23.08,46.15,30.77
">seq167,",ILGPVLGLVSRTLRRVLGIL,2143,20,15,55,0,15,30,55,15,0,25,60,15
">seq168,",LLKELWTKIKGAGKAVLGKIKGLL,2575,24,29.17,37.5,4.17,29.17,29.17,41.67,25,4.17,29.17,66.67,4.17
">seq169,",MTWEAWDRAIAEYAARIEALIRAAQEQQEKNEAALREL,4441,38,34.21,15.79,7.89,44.74,31.58,23.69,13.16,21.05,31.58,50,18.42
">seq170,",MTWMAWDRAIANYAALIHALIEAAQNQQEKNEAALLEL,4308,38,21.05,21.05,10.53,34.21,34.21,31.58,7.9,13.16,31.58,57.9,10.53
">seq171,",MTWMEWDREINNYTSLIHSLIEESQNQQEKNEQELLEL,4718,38,31.58,21.05,10.53,50,18.42,31.58,7.9,23.69,15.79,73.69,10.53
">seq172,",SLSRFLRFLKIVYRRAF,2170,17,29.41,29.41,23.53,29.41,23.53,47.06,29.41,0,17.65,35.29,47.06
">seq173,",TTWEAWDRAIAEYAARIEALIRALQELQEKLEAILREL,4479,38,34.21,26.31,7.89,39.47,28.95,31.58,13.16,21.05,28.95,52.63,18.42
">seq174,",TTWEEWDREINEYTSRIESLIRESQEQQEKNEQELREL,4821,38,44.74,15.79,7.89,60.53,18.42,21.05,13.16,31.58,18.42,63.16,18.42
">seq175,",VFQFLGRIIHHVGNFVHGFSHVF,2692,23,21.74,30.43,39.13,13.04,34.78,52.17,21.74,0,17.39,56.52,26.09
">seq176,",WQEWEQKITALLEQAQIQQEKNEYELQKLDKWASLWEWF,4990,39,30.77,17.95,17.95,51.28,15.38,33.33,10.26,20.51,15.38,66.67,17.95
">seq177,",YVSGKARGWFYRHHYESPHPRISSEVHIPLGDARLV,4214,36,33.33,19.45,25,22.22,52.78,25,25,8.33,27.78,47.22,25
">seq178,",AEGIGALFLGFLGAAGSTMGARSMTLTVQARQL,3293,33,9.09,21.21,6.06,15.15,51.52,33.33,6.06,3.03,51.52,36.36,12.12
">seq179,",AIRDTNKAVQSVQSSIGNLIVAIKSVQDYVNKEIV,3797,35,20,34.29,2.86,37.14,28.57,34.29,11.43,8.57,31.43,62.86,5.71
">seq180,",AKQARSDIEKLKEAIRDTNKAVQSVQSSIGNLIVA,3778,35,28.57,25.71,0,42.86,31.43,25.71,17.14,11.43,37.14,57.14,5.71
">seq181,",AVALVEAKQARSDIEKLKEAIRDTNKAVQSVQSSI,3793,35,31.43,25.71,0,42.86,31.43,25.71,17.14,14.29,37.14,57.14,5.71
">seq182,",DISIELNKAKSDLEESKEWIRRSNQKLDSIGNWHQ,4164,35,40,20,8.57,51.43,22.86,25.71,20,20,28.57,60,11.43
">seq183,",KLKEAIRDTNKAVQSVQSSIGNLIVAIKSVQDYVN,3826,35,22.86,31.43,2.86,40,28.57,31.43,14.29,8.57,31.43,62.86,5.71
">seq184,",LNNSVALDPIDISIELNKAKSDLEESKEWIRRSNQ,4022,35,34.28,25.71,2.86,48.57,22.86,28.57,14.29,20,28.57,62.86,8.57
">seq185,",RSDIEKLKEAIRDTNKAVQSVQSSIGNLIVAIKSV,3807,35,28.57,31.43,0,40,28.57,31.43,17.14,11.43,34.28,60,5.71
">seq186,",AQITAAVALVEAKQARSDIEKLKEAIRDTNKAVQS,3763,35,31.43,22.86,0,42.86,34.28,22.86,17.14,14.29,40,54.28,5.71
">seq187,",RFLVCWKQKIWGKARPSMCTRRARF,3122,25,32,12,16,36,24,40,32,0,28,36,36
">seq188,",AAHLIDALYAEFLGGRVLTTPVVHRALFYASAVLRQPFLAGVPSA,4775,45,15.55,28.89,15.55,13.33,51.11,35.56,11.11,4.44,37.78,44.44,17.78
">seq189,",FLPVLAGIAAKVVPALFCKITKKC,2528,24,16.67,33.33,8.33,16.67,33.33,50,16.67,0,33.33,58.33,8.33
">seq190,",GHRRYFTFGGGYVYF,1825,15,20,6.67,46.67,13.33,60,26.67,20,0,33.33,13.33,53.33
">seq191,",GIGKFLHSAGKFGKAFVGEIMKS,2407,23,26.09,17.39,17.39,21.74,43.48,34.78,21.74,4.35,39.13,47.83,13.04
">seq192,",GLASTLTRWAHYNALIRAF,2159,19,15.79,21.05,21.05,15.79,52.63,31.58,15.79,0,42.11,31.58,26.31
">seq193,",HEFVPLEVYTRHEIK,1895,15,46.67,26.67,26.67,33.33,33.33,33.33,26.67,20,6.67,73.33,20
">seq194,",HRWRKRWRKWRWRKRWRK,2845,18,72.22,0,33.33,66.67,5.56,27.78,72.22,0,0,27.78,72.22
">seq195,",KRWRKRWRKKRWRKRWRK,2778,18,77.78,0,22.22,77.78,0,22.22,77.78,0,0,33.33,66.67
">seq196,",KTTSSIEFARLQFTY,1790,15,20,13.33,20,26.67,46.67,26.67,13.33,6.67,40,33.34,26.67
">seq197,",LRKRKRLRKLRKRKRLRK,2486,18,77.78,22.22,0,77.78,0,22.22,77.78,0,0,55.55,44.44
">seq198,",LRTRKRGRKLRTRKRGRK,2320,18,66.67,11.11,0,66.67,22.22,11.11,66.67,0,22.22,33.33,44.44
">seq199,",LRWRKRWRKLRWRKRWRK,2748,18,66.67,11.11,22.22,66.67,0,33.33,66.67,0,0,33.33,66.67
">seq200,",RARRSLLIASALCTSDVAAATNADLRTALARADHQKTLFWL,4464,41,24.39,21.95,7.32,26.83,43.9,29.27,17.07,7.32,51.22,31.71,17.07
">seq201,",RRCICTTRTCRFPYRRLGTCIFQNRVYTFCC,3834,31,22.58,12.9,16.13,29.03,29.03,41.94,22.58,0,38.71,22.58,38.71
">seq202,",RRWRKRWRKRRWRKRWRK,2834,18,77.78,0,22.22,77.78,0,22.22,77.78,0,0,22.22,77.78
">seq203,",RTRKRWRKRTRKRGRK,2223,16,75,0,6.25,75,18.75,6.25,75,0,18.75,25,56.25
">seq204,",RWRKRGRKRWRKRGRK,2264,16,75,0,12.5,75,12.5,12.5,75,0,12.5,25,62.5
">seq205,",RWRKRWRKRWRKRWRK,2522,16,75,0,25,75,0,25,75,0,0,25,75
">seq206,",RWRKRWRWRKRWRWRKRW,2922,18,66.67,0,33.33,66.67,0,33.33,66.67,0,0,16.67,83.33
">seq207,",TARLQLEARLQHLVAEILEREQSLALHALGYQLAFV,4097,36,25,33.33,11.11,30.56,33.34,36.11,13.89,11.11,25,61.11,13.89
">seq208,",TTPKFTVAWDWVPKR,1830,15,26.67,13.33,20,26.67,40,33.33,20,6.67,33.33,40,26.67
">seq209,",VFQFLGKIIKKVGNFVKGFSKVF,2628,23,21.74,30.43,21.74,30.43,17.39,52.17,21.74,0,17.39,60.87,21.74
">seq210,",VVCACRRALCLPLERRAGFCRIRGRIHPLCCRR,3850,33,33.33,24.24,6.06,30.3,24.24,45.45,30.3,3.03,33.33,36.36,30.3
">seq211,",YDHIQDHVNTMFSRLATSWCLLQNKERALWAEAA,4015,34,26.47,17.65,17.65,32.35,35.29,32.35,14.71,11.76,35.29,47.06,17.65
">seq212,",ILPWKWPWWPWRR,1905,13,23.08,15.38,38.46,23.08,23.08,53.85,23.08,0,0,46.15,53.85
">seq213,",GMASKAGAIAGKIAKVALKAL,1967,21,19.05,23.81,0,19.05,52.38,28.57,19.05,0,52.38,47.62,0
">seq214,",GIGKFLKKAKKGIGAVLKVLTTGL,2438,24,25,33.33,4.17,25,37.5,37.5,25,0,37.5,58.33,4.17
">seq215,",ALSKALSKALSKALSKALSKALSK,2412,24,25,25,0,25,50,25,25,0,50,50,0
">seq216,",KKLLKKLKKLLKKL,1720,14,57.14,42.86,0,57.14,0,42.86,57.14,0,0,100,0
">seq217,",CATCEQIADSQHRSHRQMV,2198,19,31.58,10.53,10.53,36.84,36.84,26.31,21.05,10.53,42.1,47.37,10.53
">seq218,",CATCQIADSHRSHRQMV,1941,17,29.41,11.76,11.77,29.41,41.18,29.41,23.53,5.88,47.06,41.18,11.77
">seq219,",PPWCCCSPMKRASPPPAQSDLPATPKCPP,3060,29,13.79,3.45,3.45,17.24,58.62,24.14,10.35,3.45,41.38,51.72,6.9
">seq220,",RRKKAAVALLPAVLLALLAP,2082,20,20,40,0,20,40,40,20,0,30,60,10
">seq221,",RRKKAVLLALLAP,1447,13,30.77,38.46,0,30.77,30.77,38.46,30.77,0,23.08,61.54,15.38
">seq222,",RRKKLPAVLLALLAP,1657,15,26.67,40,0,26.67,33.33,40,26.67,0,20,66.67,13.33
">seq223,",RRKKPAVLLALLAP,1544,14,28.57,35.71,0,28.57,35.71,35.71,28.57,0,21.43,64.29,14.29
">seq224,",RRKKVLLALLAP,1376,12,33.33,41.67,0,33.33,25,41.67,33.33,0,16.67,66.67,16.67
">seq225,",RRKKVALLAVLLALLA,1746,16,25,50,0,25,25,50,25,0,25,62.5,12.5
">seq226,",GLLRKGGEKIGEKLKKIGQKIKNFFQKLVPQPEQ,3874,34,35.29,23.53,5.88,50,20.59,29.41,26.47,8.82,14.71,76.47,8.82
">seq227,",RKKLAVLLALLA,1307,12,25,50,0,25,25,50,25,0,25,66.67,8.33
">seq228,",RRKKAAAAAAAAA,1225,13,30.77,0,0,30.77,69.23,0,30.77,0,69.23,15.38,15.38
">seq229,",HGVSGHGQHGVHG,1264,13,30.77,15.38,30.77,7.69,76.92,15.38,30.77,0,46.15,53.85,0
">seq230,",KWKVFKKIEKMGRNIRNGIVKAGPAIAVLGEAKAL,3831,35,31.43,25.71,5.71,37.14,28.57,34.28,25.71,5.71,25.71,62.86,11.43
">seq231,",DLGPPISLERLDVGTNLGNAIAKLEDAKELLESSD,3690,35,31.43,28.57,0,37.14,34.28,28.57,8.57,22.86,40,57.14,2.86
">seq232,",LERLDVGTNLGNAIAKLEDAKELLESSDQILRSMK,3867,35,34.28,28.57,0,42.86,25.71,31.43,14.29,20,34.28,60,5.71
">seq233,",LHRIDLGPPISLERLDVGTNLGNAIAKLEDAKELL,3791,35,31.43,34.28,2.86,34.28,31.43,34.28,14.29,17.14,31.43,62.85,5.71
">seq234,",LFRLIKSLIKRLVSAFK,2030,17,29.41,41.18,11.77,29.41,17.65,52.94,29.41,0,17.65,58.82,23.53
">seq235,",ECKFTVKPYLKRFQVYYKGRMWCP,3068,24,29.17,12.5,25,33.33,29.17,37.5,25,4.17,16.67,50,33.33
">seq236,",GIKCRFCCGCCTPGICGVCCRF,2327,22,13.64,13.64,9.09,13.64,27.27,59.09,13.64,0,59.09,22.73,18.18
">seq237,",GFIFHIIKGLFHAGKMIHGLV,2333,21,23.81,33.33,28.57,9.52,38.1,52.38,23.81,0,23.81,61.91,14.29
">seq238,",CDSCERCWYVWLILLRVRLRLLVSL,3105,25,24,44,12,24,12,64,16,8,24,48,28
">seq239,",CTMCRYQQNCFTRRLIVGGMLLVFV,2949,25,12,28,12,24,20,56,12,0,28,48,24
">seq240,",PPDVHTPPHALWRLHLSLRVCLVRMWIH,3377,28,28.57,32.14,21.43,14.29,39.28,46.43,25,3.57,17.85,64.28,17.86
">seq241,",DASISQVNEKINQSLAFIRKSDELLHNVNAGKSTT,3825,35,25.71,22.86,5.71,40,34.28,25.71,14.29,11.43,37.14,57.14,5.71
">seq242,",KKRKRRFLGFLLGVGSA,1931,17,35.29,23.53,11.77,35.29,29.41,35.29,35.29,0,29.41,41.18,29.41
">seq243,",SSVITSLGAIVSCYGKT,1684,17,5.88,29.41,5.88,5.88,58.82,35.29,5.88,0,58.82,35.29,5.88
">seq244,",PTTFMLKYDENGTITDAVDC,2232,20,25,15,10,30,40,30,5,20,50,40,10
">seq245,",QYGSFCTQLNRALSGIAAEQ,2155,20,10,15,10,30,45,25,5,5,45,40,15
">seq246,",YQDVNCTDVSTAIHADQLTP,2189,20,20,20,10,30,45,25,5,15,50,45,5
">seq247,",GVFVFNGTSWFITQRNFFS,2252,19,5.26,15.79,31.58,21.05,31.58,47.37,5.26,0,31.58,31.58,36.84
">seq248,",GYFVQDDGEWKFTGSSYYY,2310,19,21.05,5.26,36.84,26.31,52.63,21.05,5.26,15.79,42.1,21.05,36.84
">seq249,",GYHLMSFPQAAPHGVVFLHVTW,2492,22,13.64,22.73,31.82,4.54,54.54,40.91,13.64,0,27.27,54.54,18.18
">seq250,",NGIGVTQNVLYENQKQIANQFNKAISQIQESLTTTSTA,4149,38,10.53,21.05,5.26,39.47,36.84,23.68,5.26,5.26,34.21,60.52,5.26
">seq251,",VYINKLTPPCGTMYYACEAV,2234,20,10,20,15,15,50,35,5,5,35,50,15
">seq252,",AALYKKKIIKKLLES,1744,15,40,33.33,6.67,40,26.67,33.33,33.33,6.67,20,73.33,6.67
">seq253,",KNGRKLCLDLQAALY,1704,15,26.67,26.67,6.67,40,26.67,33.33,20,6.67,33.33,53.33,13.33
">seq254,",KWKLFKKIGIGKFLHAAKKF,2386,20,40,20,25,35,25,40,40,0,20,60,20
">seq255,",RRKKAAVALLKAVLLAALAP,2071,20,25,35,0,25,40,35,25,0,35,55,10
">seq256,",RRKKAAVALLKAVLLALAAP,2071,20,25,35,0,25,40,35,25,0,35,55,10
">seq257,",RRKKAVALLPAVLLALLAP,2011,19,21.05,42.11,0,21.05,36.84,42.11,21.05,0,26.32,63.16,10.53
">seq258,",RRKKLLPAVLLALLAP,1770,16,25,43.75,0,25,31.25,43.75,25,0,18.75,68.75,12.5
">seq259,",MKATILLAVVVAVIVGVQEAQSVACRSYYCSKFCGSAGCSLYGCYLLHPGKICYCLHCSRAESPLALSGSARNVNDKNNEMDNSPVMNEMENLDQEMDMF,10897,100,19,21,9,27,36,37,9,10,38,52,10
">seq260,",CGYRGLCRRFCHAQEYIVGHHGCPRRYRCC,3597,30,33.33,10,23.33,26.67,40,33.33,30,3.33,36.67,30,33.33
">seq261,",CDVIALLACHLNT,1384,13,15.38,38.46,7.69,15.38,30.77,53.85,7.69,7.69,46.15,53.85,0
">seq262,",CDVIALLCHLNTPSFNTTHYRESWY,2981,25,20,20,24,20,44,36,12,8,36,44,20
">seq263,",DTRACDVIALLCHLNT,1756,16,25,31.25,6.25,25,31.25,43.75,12.5,12.5,50,43.75,6.25
">seq264,",SCASRCKGHCRARRCGYYVSVLYRGRCYCKCLRC,3977,34,29.41,11.76,14.71,26.47,38.24,35.29,29.41,0,47.06,20.59,32.35
">seq265,",ACYCRIPACIAGERRYGTCIYQGRLWAFCC,3444,30,16.67,13.33,16.67,20,40,40,13.33,3.33,46.67,23.33,30
">seq266,",ALWKTLLKKVLKAAAKAALNAVLVGANA,2844,28,17.86,32.14,3.57,25,39.28,35.71,17.86,0,39.28,57.14,3.57
">seq267,",ARATCYCRTGRCATRESLSGVCEISGRLYRLCCR,3811,34,26.47,14.71,5.88,26.47,41.18,32.35,20.59,5.88,52.94,20.59,26.47
">seq268,",KPKQIKPPLPSV,1330,12,25,25,0,33.33,41.67,25,25,0,8.33,91.66,0
">seq269,",SVITIELSNIKENKCNGTDAKVKLIKQELDKYKNA,3945,35,34.28,25.71,2.86,48.57,22.86,28.57,20,14.29,28.57,68.57,2.86
">seq270,",EGPTLGNWAREIWATLFGKA,2215,20,20,15,15,25,45,30,10,10,40,40,20
">seq271,",TWLRAIWDWVCTALTDFK,2223,18,22.22,22.22,22.22,22.22,27.78,50,11.11,11.11,44.45,27.78,27.78
">seq272,",PPVYTKDVDISSQISSMNQSLQQSKDYIKEAQKILDTVNPSL,4705,42,21.43,23.81,4.76,38.1,35.72,26.19,9.52,11.91,33.33,61.91,4.76
">seq273,",ANTAFVSSAHNTQKIPAGAPFNRNLRAMLADLRQNAAFAG,4209,40,15,12.5,10,30,47.5,22.5,12.5,2.5,42.5,42.5,15
">seq274,",CGGNNLLRAIEAQQHLLQLTVWGIKQLQARILAVERYLKDQ,4697,41,21.95,31.71,7.32,39.02,24.39,36.59,14.63,7.32,24.39,63.41,12.2
">seq275,",GGTIFDCGETCFLGTCYTPGCSCGNYGFCYGTN,3409,33,6.06,6.06,18.18,12.12,54.55,33.33,0,6.06,63.64,18.18,18.18
">seq276,",GVCRCLCRRGVCRCICRR,2110,18,33.33,22.22,0,33.33,11.11,55.56,33.33,0,44.44,22.22,33.33
">seq277,",WMEWDREIEELAKKAEELAKKAEELAKKAWASLWNWF,4560,37,43.24,13.51,16.22,45.95,21.62,32.43,18.92,24.32,24.32,56.76,18.92
">seq278,",YALLIRMIYKNI,1509,12,16.67,41.67,16.67,25,25,50,16.67,0,8.33,66.67,25
">seq279,",YQLLARMIYKNI,1524,12,16.67,33.33,16.67,33.33,25,41.67,16.67,0,8.33,66.67,25
">seq280,",YQLLIAMIYKNI,1481,12,8.33,41.67,16.67,25,25,50,8.33,0,8.33,75,16.67
">seq281,",GLFGVLGSIAKHVLPHVVPVIAEKL,2591,25,20,44,12,12,40,48,16,4,24,72,4
">seq282,",DWHLGQGVSIEWRKK,1837,15,40,20,20,40,26.67,33.33,26.67,13.33,26.67,53.34,20
">seq283,",FLFPLITSFLSKVL,1623,14,7.14,42.86,21.43,7.14,28.57,64.29,7.14,0,21.43,57.14,21.43
">seq284,",GLFDIIKKIAESW,1518,13,30.77,30.77,15.38,30.77,23.08,46.15,15.38,15.38,30.77,53.85,15.38
">seq285,",GWLKKIESIIDAF,1518,13,30.77,30.77,15.38,30.77,23.08,46.15,15.38,15.38,30.77,53.85,15.38
">seq286,",HVDKKVADKVLLLKQLRIMRLLTRL,2997,25,40,44,4,40,12,48,32,8,16,72,12
">seq287,",ELNKAKSDLEESKEWIRRSNQKLDSIGNWHQSSTT,4112,35,37.14,14.29,8.57,48.57,31.43,20,20,17.14,34.28,54.28,11.43
">seq288,",RGGKIAGKIAKIAGKIAKIAGKIA,2331,24,29.17,25,0,29.17,45.83,25,29.17,0,45.83,50,4.17
">seq289,",CGECGGGHIVGRFCMVVRFLRLVFI,2766,25,20,32,16,16,24,60,16,4,32,44,24
">seq290,",CRCCELKSLCPTLMRVVRLLGLVLL,2829,25,20,44,0,20,16,64,16,4,28,60,12
">seq291,",ANVVATYPAHS,1128,11,9.09,18.18,18.18,9.09,72.73,18.18,9.09,0,45.45,45.45,9.09
">seq292,",CLRKLRKRLLRC,1556,12,50,33.33,0,50,0,50,50,0,16.67,50,33.33
">seq293,",SKHSSLDCVLRP,1340,12,33.33,25,8.33,25,41.67,33.33,25,8.33,41.67,50,8.33
">seq294,",MHRSLLGRMKGA,1355,12,33.33,16.67,8.33,25,41.67,33.33,33.33,0,33.33,50,16.67
">seq295,",KKKKYRNIRRPG,1542,12,58.33,8.33,8.33,66.67,25,8.33,58.33,0,8.33,58.33,33.33
">seq296,",HRILMRIRAMMT,1527,12,33.33,25,8.33,25,25,50,33.33,0,16.67,58.33,25
">seq297,",HRALMRIRQMMT,1542,12,33.33,16.67,8.33,33.33,25,41.67,33.33,0,16.67,58.33,25
">seq298,",HRIAMRIRQMMT,1542,12,33.33,16.67,8.33,33.33,25,41.67,33.33,0,16.67,58.33,25
">seq299,",ARILMRIRQMMT,1518,12,25,25,0,33.33,16.67,50,25,0,16.67,58.33,25
">seq300,",HRILMRIRQAMT,1524,12,33.33,25,8.33,33.33,25,41.67,33.33,0,16.67,58.33,25
">seq301,",HRILMRIAQMMT,1499,12,25,25,8.33,25,25,50,25,0,16.67,66.67,16.67
">seq302,",HRILMRIRQMMA,1554,12,33.33,25,8.33,33.33,16.67,50,33.33,0,8.33,66.67,25
">seq303,",HRILMRIRQMAT,1524,12,33.33,25,8.33,33.33,25,41.67,33.33,0,16.67,58.33,25
">seq304,",HRILMRARQMMT,1542,12,33.33,16.67,8.33,33.33,25,41.67,33.33,0,16.67,58.33,25
">seq305,",WLVFFVIAYFAR,1530,12,8.33,33.33,41.67,8.33,25,66.67,8.33,0,16.67,33.33,50
">seq306,",HVTTTFAPPPPR,1319,12,16.67,8.33,16.67,8.33,75,16.67,16.67,0,33.33,50,16.67
">seq307,",SVVPSKATWGFA,1248,12,8.33,16.67,16.67,8.33,58.33,33.33,8.33,0,50,33.33,16.67
">seq308,",FKPSSPPSITLW,1358,12,8.33,16.67,16.67,8.33,58.33,33.33,8.33,0,33.33,50,16.67
">seq309,",ATHTICDRNHTW,1453,12,33.33,8.33,25,25,50,25,25,8.33,50,33.33,16.67
">seq310,",ACFPWGNTWCGGK,1425,13,7.69,0,23.08,15.38,46.15,38.46,7.69,0,53.85,23.08,23.08
">seq311,",ACFPWGKEYCGGK,1444,13,23.08,0,23.08,23.08,46.15,30.77,15.38,7.69,46.15,30.77,23.08
">seq312,",ACFPWGNQWCGGK,1452,13,7.69,0,23.08,23.08,38.46,38.46,7.69,0,46.15,30.77,23.08
">seq313,",IFKAIWSGIKSLF,1508,13,15.38,30.77,23.08,15.38,30.77,53.85,15.38,0,30.77,46.15,23.08
">seq314,",YRWRGPTAAFLSLV,1635,14,14.29,21.43,21.43,14.29,50,35.71,14.29,0,35.71,28.57,35.71
">seq315,",RRGRIGRNPSQVGD,1566,14,35.71,14.29,0,50,35.71,14.29,28.57,7.14,35.71,35.71,28.57
">seq316,",RRGRVGRNPNQVGD,1579,14,35.71,14.29,0,57.14,28.57,14.29,28.57,7.14,28.57,42.86,28.57
">seq317,",ECRSTSYAGAVVNDL,1583,15,20,20,6.67,26.67,46.67,26.67,6.67,13.33,53.33,33.33,13.33
">seq318,",RGILIHNTIFGEQVF,1742,15,20,33.33,20,26.67,26.67,46.67,13.33,6.67,20,60,20
">seq319,",SSSTSTQVQILSNAL,1534,15,0,26.67,0,20,53.33,26.67,0,0,53.33,46.67,0
">seq320,",RRLQVGGGTLKFFLT,1691,15,20,26.67,13.33,26.67,33.33,40,20,0,33.33,40,26.67
">seq321,",GWWYKGRARPVSAVA,1702,15,20,13.33,20,20,53.33,26.67,20,0,40,26.67,33.33
">seq322,",RAVWRHSVATPSHSV,1688,15,26.67,20,20,13.33,60,26.67,26.67,0,40,40,20
">seq323,",AVASVPRARGKYWWG,1702,15,20,13.33,20,20,53.33,26.67,20,0,40,26.67,33.33
">seq324,",DFRRLPGAFWQLRQP,1885,15,26.67,13.33,20,40,26.67,33.33,20,6.67,20,40,40
">seq325,",AETVESCLAKPHTEN,1627,15,33.33,13.33,6.67,33.33,46.67,20,13.33,20,40,60,0
">seq326,",ADGSLLGRMKGAAG,1302,14,21.43,14.29,0,21.43,57.14,21.43,14.29,7.14,64.29,28.57,7.14
">seq327,",PRPISYLKGSSGGPL,1527,15,13.33,20,6.67,13.33,66.67,20,13.33,0,40,46.67,13.33
">seq328,",GQPEEGAPCQVVLQGA,1581,16,12.5,18.75,0,31.25,43.75,25,0,12.5,37.5,62.5,0
">seq329,",VRLGSISVIGIVRGKK,1680,16,25,43.75,0,25,31.25,43.75,25,0,31.25,56.25,12.5
">seq330,",GSRVQIRCRFRNSTR,1834,15,33.33,13.33,6.67,46.67,26.67,26.67,33.33,0,33.33,26.67,40
">seq331,",WLVFFVIFYFFRRRKK,2250,16,31.25,25,43.75,31.25,6.25,62.5,31.25,0,0,37.5,62.5
">seq332,",RRKKWLVFFVIFYFFR,2250,16,31.25,25,43.75,31.25,6.25,62.5,31.25,0,0,37.5,62.5
">seq333,",RGGSVVIVGRIILSGRK,1765,17,23.53,41.18,0,23.53,35.29,41.18,23.53,0,35.29,47.06,17.65
">seq334,",FKLRAKIKVRLRAKIKL,2079,17,47.06,35.29,5.88,47.06,11.77,41.18,47.06,0,11.77,64.71,23.53
">seq335,",RTQRRGRTGRGKPGIYR,2013,17,41.18,5.88,5.88,47.06,47.06,5.88,41.18,0,35.29,23.53,41.18
">seq336,",STQRRGRTGRGRRGIYR,2031,17,41.18,5.88,5.88,47.06,47.06,5.88,41.18,0,41.18,11.76,47.06
">seq337,",LFGLIPSLIGGLVSAFK,1730,17,5.88,41.18,11.77,5.88,41.18,52.94,5.88,0,35.29,52.94,11.77
">seq338,",AALEAKICHQIEYYFGDF,2116,18,27.78,16.67,27.78,27.78,38.89,33.33,11.11,16.67,33.34,44.45,22.22
">seq339,",SWRLDIWDWICESVLDFK,2309,18,33.34,27.78,22.22,33.34,11.11,55.56,11.11,22.22,33.33,38.89,27.78
">seq340,",DWLKAFYDKVAEKLKEAF,2199,18,44.44,16.67,22.22,44.44,22.22,33.33,22.22,22.22,27.78,50,22.22
">seq341,",FILAFLGWIGAIVSTALP,1887,18,0,38.89,16.67,0,44.45,55.56,0,0,38.89,44.45,16.67
">seq342,",AFLGWIGAIVSTALPQWR,1984,18,5.56,27.78,16.67,11.11,44.45,44.45,5.56,0,38.89,38.89,22.22
">seq343,",GWIGAIVSTALPQWRIYS,2016,18,5.56,27.78,16.67,11.11,50,38.89,5.56,0,38.89,38.89,22.22
">seq344,",GAIVSTALPQWRIYSYAG,1951,18,5.56,22.22,16.67,11.11,61.11,27.78,5.56,0,44.45,33.34,22.22
">seq345,",VSTALPQWRIYSYAGDNI,2052,18,11.11,22.22,16.67,22.22,50,27.78,5.56,5.56,38.89,38.89,22.22
">seq346,",ALPQWRIYSYAGDNIVTA,2036,18,11.11,22.22,16.67,22.22,50,27.78,5.56,5.56,38.89,38.89,22.22
">seq347,",AGALMFAWLLLGLQGIFN,1933,18,0,33.33,16.67,11.11,33.33,55.56,0,0,33.33,50,16.67
">seq348,",MASAGMQILGVVLTLLGW,1858,18,0,38.89,5.56,5.56,38.89,55.56,0,0,38.89,55.56,5.56
">seq349,",MANSGLQLLGFSMALLGW,1907,18,0,27.78,11.11,11.11,38.89,50,0,0,38.89,50,11.11
">seq350,",MASTGLELLGMTLAVLGW,1861,18,5.56,33.33,5.56,5.56,44.45,50,0,5.56,44.45,50,5.56
">seq351,",AGDDQGLDKCVPNSKEK,1802,17,41.18,11.76,0,52.94,29.41,17.65,17.65,23.53,47.06,52.94,0
">seq352,",IPESSELTLQELLGEERR,2097,18,38.89,27.78,0,44.44,27.78,27.78,11.11,27.78,22.22,66.67,11.11
">seq353,",TLKPIFKLPLGINITNFR,2083,18,16.67,33.33,11.11,27.78,27.78,44.45,16.67,0,16.67,66.67,16.67
">seq354,",PPATHTIADRNHTPFSDV,1974,18,27.78,11.11,16.67,22.22,61.11,16.67,16.67,11.11,44.45,44.45,11.11
">seq355,",RQMRAWGQDYQHGGMGYSC,2229,19,21.05,0,21.05,31.58,47.37,21.05,15.79,5.26,42.1,31.58,26.31
">seq356,",TDVILMCFSIDSPDSLENI,2110,19,21.05,31.58,5.26,26.31,26.31,47.37,0,21.05,42.1,52.63,5.26
">seq357,",CSIELSDIPLSVDFNTMID,2110,19,21.05,31.58,5.26,26.31,26.31,47.37,0,21.05,42.1,52.63,5.26
">seq358,",FWFTLIKTQAKQPARYRRFC,2558,20,25,10,25,35,30,35,25,0,25,35,40
">seq359,",ALDKLEESNSKLDKVNVKLT,2242,20,40,30,0,50,20,30,20,20,30,70,0
">seq360,",ALDKAEESNSKADKVNVKLT,2158,20,40,20,0,50,30,20,20,20,40,60,0
">seq361,",FKVKAKVKAKVKAKVKAKKKK,2381,21,57.14,19.05,4.76,57.14,19.05,23.81,57.14,0,19.05,76.19,4.76
">seq362,",PLSPPLRNTHPQAMQWNSTTF,2421,21,9.52,9.52,14.29,23.81,52.38,23.81,9.52,0,28.57,57.14,14.29
">seq363,",VLDLIYSLHKQINRGLKKIVL,2461,21,28.57,47.62,9.52,33.33,19.05,47.62,23.81,4.76,14.29,76.19,9.52
">seq364,",QLQKWEDWVRWIGNIPQYLKG,2655,21,23.81,23.81,19.05,42.86,19.05,38.1,14.29,9.52,14.29,61.91,23.81
">seq365,",KAAKKAAKAAKKAAKWAKKAA,2137,21,42.86,0,4.76,42.86,52.38,4.76,42.86,0,52.38,42.86,4.76
">seq366,",AKKAAKKAKKAAKKAKKAAKK,2193,21,57.14,0,0,57.14,42.86,0,57.14,0,42.86,57.14,0
">seq367,",ARRAWRRARRAARRARRAARR,2644,21,57.14,0,4.76,57.14,38.09,4.76,57.14,0,38.09,0,61.91
">seq368,",ARRAKRRARRAKRRARRKKRR,2757,21,76.19,0,0,76.19,23.81,0,76.19,0,23.81,19.05,57.14
">seq369,",FLDSKAELEKARKILSEVGRWY,2636,22,40.91,22.73,13.63,40.91,27.27,31.82,22.73,18.18,27.27,50,22.73
">seq370,",FAKKFAKKFKKFAKKFAKFAFAF,2772,23,39.13,0,34.78,39.13,26.09,34.78,39.13,0,26.09,39.13,34.78
">seq371,",FLFAFRIFKRVFKKFRKLFKRAF,3038,23,39.13,17.39,34.78,39.13,8.7,52.17,39.13,0,8.7,39.13,52.17
">seq372,",FALALKALKKALKKLKKALKKAL,2534,23,39.13,30.43,4.35,39.13,26.09,34.78,39.13,0,26.09,69.56,4.35
">seq373,",FAIAIKAIKKAIKKIKKAIKKAI,2534,23,39.13,30.43,4.35,39.13,26.09,34.78,39.13,0,26.09,69.56,4.35
">seq374,",QLESLTDRELLLLIARKTCGSVE,2585,23,30.43,34.78,0,34.78,26.09,39.13,13.04,17.39,34.78,56.52,8.7
">seq375,",LLDCWVRLGRYLLRRLKTPFTRL,2886,23,30.44,34.78,13.04,30.44,21.74,47.83,26.09,4.35,21.74,43.48,34.78
">seq376,",MANAGLQLLGFILAFLGWIGAIVS,2473,24,0,37.5,12.5,8.33,37.5,54.17,0,0,37.5,50,12.5
">seq377,",SISNALNKLEESNRNLDKVNVKLT,2697,24,29.17,29.17,0,50,20.83,29.17,16.67,12.5,25,70.83,4.17
">seq378,",NILRLKESITATIEAVHEVTDGLS,2607,24,29.17,33.33,4.17,29.17,37.5,33.33,12.5,16.67,37.5,58.33,4.17
">seq379,",FRFKIKFRLKFRFKARFKFRAKFRA,3337,25,48,8,32,48,12,40,48,0,12,32,56
">seq380,",PTSNHSPTSCPPTCPGYRWMCLRRF,2892,25,16,4,16,16,56,28,16,0,40,36,24
">seq381,",SDHSESIQKKFQLMKEHVNKIGVDS,2882,25,40,20,12,44,28,28,24,16,28,68,4
">seq382,",FAVGLRAIKRALKKLRRGVRKVAKDL,2960,26,42.31,30.77,3.85,42.31,23.08,34.62,38.46,3.85,26.92,50,23.08
">seq383,",ALQELLGEYIQWLKDGGPSSGRPPPS,2793,26,19.23,19.23,7.69,26.92,50,23.08,7.69,11.54,34.62,53.85,11.54
">seq384,",CTEEHIVATELVIQEMYIKINVKNSP,2999,26,26.92,30.77,7.69,34.61,26.92,38.46,11.54,15.38,19.23,76.92,3.85
">seq385,",FKCRRWQWRMKKLGAPSITCVRRAFA,3193,26,30.77,11.54,15.38,34.62,26.92,38.46,30.77,0,30.77,34.61,34.62
">seq386,",FLAAARIAKRVAKKARKLAKRAARKRK,3074,27,48.15,14.82,3.7,48.15,33.33,18.52,48.15,0,33.33,40.74,25.93
">seq387,",KKKKFVKKVAKKVKKVAKKVAKVAVAV,2976,27,48.15,29.63,3.7,48.15,18.52,33.33,48.15,0,18.52,77.78,3.7
">seq388,",KRKRFAKKFLRFLRKVIRFLKRFIRRF,3651,27,51.85,22.22,22.22,51.85,3.7,44.44,51.85,0,3.7,44.44,51.85
">seq389,",HMNASDMEIKSYINMIESVEESSNYDF,3181,27,29.63,14.82,14.81,37.04,33.33,29.63,7.41,22.22,29.63,59.26,11.11
">seq390,",RWMVWRHWFHRLRLPYNPGKNKQNQQWP,3756,28,28.57,10.71,28.57,42.86,25,32.14,28.57,0,3.57,60.71,35.71
">seq391,",RRRRRRRRHPAEPGSTVTTQNTASQTMS,3291,28,35.71,3.57,3.57,42.86,50,7.14,32.14,3.57,39.28,32.14,28.57
">seq392,",RIILGQCIKREAEAAIEQIFRTKYNDSH,3300,28,35.71,21.43,10.71,42.86,28.57,28.57,21.43,14.29,28.57,53.57,17.86
">seq393,",CCFLRIQNDSIIRLGDLQPLSQRVSTDWQ,3402,29,20.69,27.59,6.9,37.93,20.69,41.38,10.35,10.35,34.48,48.27,17.24
">seq394,",FGGASCCLYCRCHIDHPNPKGFCDLKGKY,3230,29,27.59,10.35,20.69,24.14,41.38,34.48,20.69,6.9,44.83,37.93,17.24
">seq395,",AWDFGSLGGVFTSIGKALHQVFGAIYGAA,2938,29,10.34,20.69,20.69,10.34,55.17,34.48,6.9,3.45,51.72,31.04,17.24
">seq396,",AWDFGSVGGVLNSLGKMVHQIFGSAYTAL,3023,29,10.34,24.14,17.24,13.79,48.27,37.93,6.9,3.45,44.83,41.38,13.79
">seq397,",AWDFGSIGGVFTSVGKLVHQVFGTAYGVL,3010,29,10.34,27.59,20.69,10.34,48.28,41.38,6.9,3.45,44.83,37.93,17.24
">seq398,",AWDFGSVGGLFTSLGKAVHQVFGSVYTIM,3072,29,10.34,24.14,20.69,10.34,48.28,41.38,6.9,3.45,44.83,37.93,17.24
">seq399,",CRFPNITNSHVPILQERPPLENRVLTGWGL,3454,30,20,26.67,10,30,33.33,36.67,13.33,6.67,20,63.33,16.67
">seq400,",CCFLNITNSHVSILQERPPLENRVLTGWGL,3407,30,16.67,30,10,26.67,30,43.33,10,6.67,26.67,60,13.33
">seq401,",GAKKGAKKGKKGAKKGAKGAGAKGAGAFKKKK,3038,32,43.75,0,3.12,43.75,53.12,3.12,43.75,0,53.12,43.75,3.12
">seq402,",VVTTRLFMSLVASVRNAFQSGYISFDEIIKTE,3619,32,18.75,28.12,12.5,25,34.38,40.62,9.38,9.38,34.38,46.88,18.75
">seq403,",SMEKLAGFGAVGAGATAEETRRMLHRAFDTLA,3362,32,28.12,12.5,9.38,25,50,25,15.62,12.5,50,34.38,15.62
">seq404,",CEEIRARLSTHLRKMRKRLMRDADDLQKRLAVY,4068,33,48.48,21.21,6.06,48.48,21.21,30.3,33.33,15.15,27.27,48.48,24.24
">seq405,",MAILGDTAWDFGSLGGVFTSIGKALHQVFGAIY,3440,33,12.12,24.24,18.18,12.12,48.48,39.39,6.06,6.06,48.49,36.36,15.15
">seq406,",YKFACPECPKRFMRSDHLSKHITLHELLGEERR,4024,33,45.45,15.15,18.18,36.36,33.33,30.3,30.3,15.15,24.24,54.55,21.21
">seq407,",ALNCYWPLNDYGFYTTTGIGYQPYRVVVLSFEL,3860,33,9.09,24.24,24.24,18.18,45.45,36.36,3.03,6.06,30.3,42.42,27.27
">seq408,",DLSNQINSINKSLKSAEDWIADSNFFANQARTAK,3794,34,23.53,14.71,8.82,44.12,32.35,23.53,11.77,11.77,41.18,47.06,11.76
">seq409,",NADIIKSLIRKTIINASKNTASLSILQHLYVLRS,3791,34,20.59,35.29,5.88,29.41,35.29,35.29,17.65,2.94,32.35,58.82,8.82
">seq410,",FAVAVKAVAVKAVAVKAVKKAVKKVKKAVKKAVKKKK,3884,37,40.54,29.73,2.7,40.54,27.03,32.43,40.54,0,27.03,70.27,2.7
">seq411,",KRKRAVKRVGRRLKKLARKIARLGVAKLAGLRAVKLF,4221,37,43.24,29.73,2.7,43.24,24.32,32.43,43.24,0,24.32,51.35,24.32
">seq412,",GICRCICGRGICRCICGRIGGRVPGVGVPGVGHHHHHH,3963,38,28.95,23.68,15.79,13.16,47.37,39.47,28.95,0,42.1,44.74,13.16
">seq413,",DLSLDFEKLNVTLLDLTYEMNRIQDAIKKLNESYINLKE,4639,39,33.33,30.77,7.69,46.15,17.95,35.9,12.82,20.51,23.08,66.67,10.26
">seq414,",VRLASHLRKLRKRLLRDADDLIRLQAEAFQARLKSWFEPLV,4924,41,39.02,29.27,9.76,41.46,21.95,36.59,26.83,12.2,24.39,51.22,24.39
">seq415,",NFYDPLVFPSDEFDASISQVNEKINQSLASIRKSDELLHNVNAGK,5046,45,26.67,22.22,11.11,40,31.11,28.89,11.11,15.56,31.11,57.78,11.11
">seq416,",QKQIANQFNKAISQIQESLTTTSTALGKLQDVVNQNAQALNTLVKQ,5022,46,13.04,23.91,2.17,43.48,30.44,26.09,8.7,4.35,32.61,65.22,2.17
">seq417,",QNQSANQFQKEISQINEVLTTTNTSLGKLQDDVNQNNQSLNTLQKE,5200,46,17.39,19.57,2.17,54.35,23.91,21.74,6.52,10.87,28.26,69.57,2.17
">seq418,",NQNAQALNTLVKQLSSNFGAISSVLNDILSRLDKVEAEVQIDRLIT,5035,46,19.57,32.61,2.17,39.13,26.09,34.78,8.7,10.87,32.61,60.87,6.52
">seq419,",GRRRRSVQWCAVSQPEATKCFQWQRNMRKVRGPPVSCIKRDSPIQCIQA,5737,49,26.53,14.29,6.12,40.82,28.57,30.61,22.45,4.08,30.61,46.94,22.45
">seq420,",KQRQNKPPSKPNNDFHFEVFNFVPCSICSNNPTCWAICKRIPNKKPGKK,5681,49,26.53,10.2,12.25,42.86,28.57,28.57,22.45,4.08,22.45,63.27,14.29
">seq421,",AVSKVLHLEGEVNKISALLSTNKAVVSLSNGVSVLTSKVLDLDNYIDKQLLPIVNK,5982,56,21.43,39.28,3.57,30.36,30.36,39.28,12.5,8.93,30.36,67.86,1.79
">seq422,",PKEELDKYFKNHTSPDVDLGDISGINASVVNIQKEIDRLNEVAKNLNESLIDLQELGKYE,6793,60,35,26.67,6.67,46.67,25,28.33,13.33,21.67,26.67,66.67,6.67
">seq423,",EELRVRLASHLRKLRKRLLRDADDLQKRLAVYEEQAQQIRLQAEAFQARLKSWFEPLVEDM,7397,61,40.98,24.59,8.2,49.18,19.67,31.15,22.95,18.03,21.31,57.38,21.31