ID,Sequence,SER_A,SER_C,SER_D,SER_E,SER_F,SER_G,SER_H,SER_I,SER_K,SER_L,SER_M,SER_N,SER_P,SER_Q,SER_R,SER_S,SER_T,SER_V,SER_W,SER_Y
seq0,ERKVDFLEENITALLEEAQIQQEKNMYELQKLNSW,-0.236,0,-0.147,-0.464,-0.147,0,0,-0.236,-0.304,-0.401,-0.147,-0.304,0,-0.358,-0.147,-0.147,-0.147,-0.147,-0.147,-0.147
seq1,FLEENITALLEEAQIQQEKNMYELQKLNSWDVFGN,-0.236,0,-0.147,-0.436,-0.236,-0.147,0,-0.236,-0.236,-0.401,-0.147,-0.358,0,-0.358,0,-0.147,-0.147,-0.147,-0.147,-0.147
seq2,WQEWERKVDFLEENITALLEEAQIQQEKNMYELQK,-0.236,0,-0.147,-0.487,-0.147,0,0,-0.236,-0.304,-0.358,-0.147,-0.236,0,-0.401,-0.147,0,-0.147,-0.147,-0.236,-0.147
seq3,QKKCPGRCTLKCGKHERPTLPYNCGKYICCVPVKVK,0,-0.431,0,-0.144,0,-0.299,-0.144,-0.144,-0.459,-0.232,0,-0.144,-0.352,-0.144,-0.232,0,-0.232,-0.299,0,-0.232
seq4,AVSPTTLRTEVVKTFRRDKPFPHRMDCVTT,-0.164,-0.164,-0.26,-0.164,-0.26,0,-0.164,0,-0.26,-0.164,-0.164,0,-0.332,0,-0.388,-0.164,-0.464,-0.388,0,0
seq5,LAEGPPVKECAVTCRYDKDADINVVTQARN,-0.388,-0.26,-0.332,-0.26,0,-0.164,0,-0.164,-0.26,-0.164,0,-0.26,-0.26,-0.164,-0.26,0,-0.26,-0.388,0,-0.164
seq6,VSRRYLASLHKKALPTSVTFELLFDGTNPS,-0.26,0,-0.164,-0.164,-0.26,-0.164,-0.164,0,-0.26,-0.431,0,-0.164,-0.26,0,-0.26,-0.388,-0.332,-0.26,0,-0.164
seq7,VEENMKKLEERLKKREELFKKQEEWFKKWFERSKKFT,0,0,0,-0.496,-0.347,0,0,0,-0.51,-0.294,-0.141,-0.141,0,-0.141,-0.294,-0.141,-0.141,-0.141,-0.228,0
seq8,VRDNMAKLRERLKQRQQLFDSQQGWFEGWFNRSPWFT,-0.141,0,-0.228,-0.228,-0.347,-0.228,0,0,-0.228,-0.294,-0.141,-0.228,-0.141,-0.39,-0.39,-0.228,-0.141,-0.141,-0.294,0
seq9,EWYNQTKDLQQKFYEIIMDIEQNNVQGKKGIQQLQ,0,0,-0.236,-0.304,-0.147,-0.236,0,-0.358,-0.358,-0.236,-0.147,-0.304,0,-0.487,0,0,-0.147,-0.147,-0.147,-0.236
seq10,ITLGEWYNQTKDLQQKFYEIIMDIEQNNVQGKKGI,0,0,-0.236,-0.304,-0.147,-0.304,0,-0.401,-0.358,-0.236,-0.147,-0.304,0,-0.401,0,0,-0.236,-0.147,-0.147,-0.236
seq11,IWNHGNLTLGEWYNQTKDLQQKFYEIITMDIEQNNV,0,0,-0.232,-0.299,-0.144,-0.232,-0.144,-0.352,-0.232,-0.299,-0.144,-0.396,0,-0.352,0,0,-0.299,-0.144,-0.232,-0.232
seq12,TKDLQQKFYEIIMDIEQNNVQGKKGIQQLQKWEDW,0,0,-0.304,-0.304,-0.147,-0.236,0,-0.358,-0.401,-0.236,-0.147,-0.236,0,-0.464,0,0,-0.147,-0.147,-0.236,-0.147
seq13,AGAGTGATAIGMVTQYHQVL,-0.464,0,0,0,0,-0.464,-0.216,-0.216,0,-0.216,-0.216,0,0,-0.332,0,0,-0.411,-0.332,0,-0.216
seq14,CNCTNSSSSYSGTKMACPSNRG,-0.203,-0.392,0,0,0,-0.314,0,0,-0.203,0,-0.203,-0.392,-0.203,0,-0.203,-0.511,-0.314,0,0,-0.203
seq15,EGGTLGNWAREIWATLFKKA,-0.411,0,0,-0.332,-0.216,-0.411,0,-0.216,-0.332,-0.332,0,-0.216,0,0,-0.216,0,-0.332,0,-0.332,0
seq16,EGPGLGNWAREIWATLFKKA,-0.411,0,0,-0.332,-0.216,-0.411,0,-0.216,-0.332,-0.332,0,-0.216,-0.216,0,-0.216,0,-0.216,0,-0.332,0
seq17,EGPTGGNWAREIWATLFKKA,-0.411,0,0,-0.332,-0.216,-0.411,0,-0.216,-0.332,-0.216,0,-0.216,-0.216,0,-0.216,0,-0.332,0,-0.332,0
seq18,EGPTLGGWAREIWATLFKKA,-0.411,0,0,-0.332,-0.216,-0.411,0,-0.216,-0.332,-0.332,0,0,-0.216,0,-0.216,0,-0.332,0,-0.332,0
seq19,EGPTLGNWAGEIWATLFKKA,-0.411,0,0,-0.332,-0.216,-0.411,0,-0.216,-0.332,-0.332,0,-0.216,-0.216,0,0,0,-0.332,0,-0.332,0
seq20,EGPTLGNWAREGWATLFKKA,-0.411,0,0,-0.332,-0.216,-0.411,0,0,-0.332,-0.332,0,-0.216,-0.216,0,-0.216,0,-0.332,0,-0.332,0
seq21,EGPTLGNWAREIWAGLFKKA,-0.411,0,0,-0.332,-0.216,-0.411,0,-0.216,-0.332,-0.332,0,-0.216,-0.216,0,-0.216,0,-0.216,0,-0.332,0
seq22,EGPTLGNWAREIWATGFKKA,-0.411,0,0,-0.332,-0.216,-0.411,0,-0.216,-0.332,-0.216,0,-0.216,-0.216,0,-0.216,0,-0.332,0,-0.332,0
seq23,EGPTLGNWAREIWATLFKGA,-0.411,0,0,-0.332,-0.216,-0.411,0,-0.216,-0.216,-0.332,0,-0.216,-0.216,0,-0.216,0,-0.332,0,-0.332,0
seq24,EGPTLGNWAREIWATLFKKG,-0.332,0,0,-0.332,-0.216,-0.411,0,-0.216,-0.332,-0.332,0,-0.216,-0.216,0,-0.216,0,-0.332,0,-0.332,0
seq25,EGPTLGNWAREIWATLGKKA,-0.411,0,0,-0.332,0,-0.411,0,-0.216,-0.332,-0.332,0,-0.216,-0.216,0,-0.216,0,-0.332,0,-0.332,0
seq26,EGPTLGNWAREIWGTLFKKA,-0.332,0,0,-0.332,-0.216,-0.411,0,-0.216,-0.332,-0.332,0,-0.216,-0.216,0,-0.216,0,-0.332,0,-0.332,0
seq27,EGPTLGNWARGIWATLFKKA,-0.411,0,0,-0.216,-0.216,-0.411,0,-0.216,-0.332,-0.332,0,-0.216,-0.216,0,-0.216,0,-0.332,0,-0.332,0
seq28,EGPTLGNWGREIWATLFKKA,-0.332,0,0,-0.332,-0.216,-0.411,0,-0.216,-0.332,-0.332,0,-0.216,-0.216,0,-0.216,0,-0.332,0,-0.332,0
seq29,EIWATLFKKATRQCRRGRIW,-0.332,-0.216,0,-0.216,-0.216,-0.216,0,-0.332,-0.332,-0.216,0,0,0,-0.216,-0.464,0,-0.332,0,-0.332,0
seq30,GGPTLGNWAREIWATLFKKA,-0.411,0,0,-0.216,-0.216,-0.411,0,-0.216,-0.332,-0.332,0,-0.216,-0.216,0,-0.216,0,-0.332,0,-0.332,0
seq31,HVMLALATVLSIAGAGTGATAI,-0.511,0,0,0,0,-0.392,-0.203,-0.314,0,-0.392,-0.203,0,0,0,0,-0.203,-0.392,-0.314,0,0
seq32,IGLKVEAMEKFLYTAFAMQE,-0.411,0,0,-0.411,-0.332,-0.216,0,-0.216,-0.332,-0.332,-0.332,0,0,-0.216,0,0,-0.216,-0.216,0,-0.216
seq33,IGNIPQYLKGLLGGILGIGL,0,0,0,0,0,-0.521,0,-0.464,-0.216,-0.5,0,-0.216,-0.216,-0.216,0,0,0,0,0,-0.216
seq34,LLGGILGIGLGVLLLILCLP,0,-0.216,0,0,0,-0.5,0,-0.411,0,-0.518,0,0,-0.216,0,0,0,0,-0.216,0,0
seq35,NVQGKTGIQQLQKWEDWVRW,0,0,-0.216,-0.216,0,-0.332,0,-0.216,-0.332,-0.216,0,-0.216,0,-0.464,-0.216,0,-0.216,-0.332,-0.411,0
seq36,PDYLLVPEEVMEYKPRRKRAAI,-0.314,0,-0.203,-0.392,0,0,0,-0.203,-0.314,-0.314,-0.203,0,-0.392,0,-0.392,0,0,-0.314,0,-0.314
seq37,RGILRNWYNPFAGLRQSLEQ,-0.216,0,0,-0.216,-0.216,-0.332,0,-0.216,0,-0.411,0,-0.332,-0.216,-0.332,-0.411,-0.216,0,0,-0.216,-0.216
seq38,SGTKMACPSNRGILRNWYNP,-0.216,-0.216,0,0,0,-0.332,0,-0.216,-0.216,-0.216,-0.216,-0.411,-0.332,0,-0.332,-0.332,-0.216,0,-0.216,-0.216
seq39,TGALKINNLRLVTLEHQVLV,-0.216,0,0,-0.216,0,-0.216,-0.216,-0.216,-0.216,-0.5,0,-0.332,0,-0.216,-0.216,0,-0.332,-0.411,0,0
seq40,TRQCRRGRIWKRWNETITGP,0,-0.216,0,-0.216,0,-0.332,0,-0.332,-0.216,0,0,-0.216,-0.216,-0.216,-0.5,0,-0.411,0,-0.332,0
seq41,YKPRRKRAAIHVMLALATVLSI,-0.447,0,0,0,0,0,-0.203,-0.314,-0.314,-0.392,-0.203,0,-0.203,0,-0.392,-0.203,-0.203,-0.314,0,-0.203
seq42,KHMHWHPPALNT,-0.299,0,0,0,0,0,-0.5,0,-0.299,-0.299,-0.299,-0.299,-0.431,0,0,0,-0.299,0,-0.299,0
seq43,LPRRLHLEPAFLPYSVKAHECC,-0.314,-0.314,0,-0.314,-0.203,0,-0.314,0,-0.203,-0.447,0,0,-0.392,0,-0.314,-0.203,0,-0.203,0,-0.203
seq44,SFAIKWEYVLLLFLL,-0.26,0,0,-0.26,-0.388,0,0,-0.26,-0.26,-0.528,0,0,0,0,0,-0.26,0,-0.26,-0.26,-0.26
seq45,SWLRDIWDWLCELLSDFK,0,-0.232,-0.431,-0.232,-0.232,0,0,-0.232,-0.232,-0.482,0,0,0,0,-0.232,-0.352,0,0,-0.431,0
seq46,SWLRDLWDWICELLSDFK,0,-0.232,-0.431,-0.232,-0.232,0,0,-0.232,-0.232,-0.482,0,0,0,0,-0.232,-0.352,0,0,-0.431,0
seq47,SWLRDLWDWLCEVLSDFK,0,-0.232,-0.431,-0.232,-0.232,0,0,0,-0.232,-0.482,0,0,0,0,-0.232,-0.352,0,-0.232,-0.431,0
seq48,SGSWLRDIWDWICEVLSDFK,0,-0.216,-0.411,-0.216,-0.216,-0.216,0,-0.332,-0.216,-0.332,0,0,0,0,-0.216,-0.411,0,-0.216,-0.411,0
seq49,SWLRDIWDWICEVLSDFKTW,0,-0.216,-0.411,-0.216,-0.216,0,0,-0.332,-0.216,-0.332,0,0,0,0,-0.216,-0.332,-0.216,-0.216,-0.464,0
seq50,SWRLIDWDWICEVLSDFK,0,-0.232,-0.431,-0.232,-0.232,0,0,-0.352,-0.232,-0.352,0,0,0,0,-0.232,-0.352,0,-0.232,-0.431,0
seq51,KFDSLVECIWDWIDRLWS,0,-0.232,-0.431,-0.232,-0.232,0,0,-0.352,-0.232,-0.352,0,0,0,0,-0.232,-0.352,0,-0.232,-0.431,0
seq52,KWLCRIWSWISDVLDDFE,0,-0.232,-0.431,-0.232,-0.232,0,0,-0.352,-0.232,-0.352,0,0,0,0,-0.232,-0.352,0,-0.232,-0.431,0
seq53,SIWRDWVDLICEFLSDWK,0,-0.232,-0.431,-0.232,-0.232,0,0,-0.352,-0.232,-0.352,0,0,0,0,-0.232,-0.352,0,-0.232,-0.431,0
seq54,SWLRDVWDWICTVLTDFK,0,-0.232,-0.431,0,-0.232,0,0,-0.232,-0.232,-0.352,0,0,0,0,-0.232,-0.232,-0.352,-0.352,-0.431,0
seq55,SWLRDVWDWVCTILTDFK,0,-0.232,-0.431,0,-0.232,0,0,-0.232,-0.232,-0.352,0,0,0,0,-0.232,-0.232,-0.352,-0.352,-0.431,0
seq56,DWLRIIWDWVCSVVSDFK,0,-0.232,-0.431,0,-0.232,0,0,-0.352,-0.232,-0.232,0,0,0,0,-0.232,-0.352,0,-0.431,-0.431,0
seq57,SWLWEVWDWVLHVLSDFK,0,0,-0.352,-0.232,-0.232,0,-0.232,0,-0.232,-0.431,0,0,0,0,0,-0.352,0,-0.431,-0.482,0
seq58,SWLRDVWDWVCTVLSDFK,0,-0.232,-0.431,0,-0.232,0,0,0,-0.232,-0.352,0,0,0,0,-0.232,-0.352,-0.232,-0.431,-0.431,0
seq59,SWLDDIWDWICEVLSDFE,0,-0.232,-0.482,-0.352,-0.232,0,0,-0.352,0,-0.352,0,0,0,0,0,-0.352,0,-0.232,-0.431,0
seq60,SWLDRIWRWICKVLSRFE,0,-0.232,-0.232,-0.232,-0.232,0,0,-0.352,-0.232,-0.352,0,0,0,0,-0.431,-0.352,0,-0.232,-0.431,0
seq61,SWLRDIWRWICKVLSRFK,0,-0.232,-0.232,0,-0.232,0,0,-0.352,-0.352,-0.352,0,0,0,0,-0.431,-0.352,0,-0.232,-0.431,0
seq62,VALDPIDISIELNKAKSDLEESKEWIRRSNQKLDSD,-0.232,0,-0.396,-0.352,0,0,0,-0.352,-0.352,-0.352,0,-0.232,-0.144,-0.144,-0.232,-0.396,0,-0.144,-0.144,0
seq63,AKITFTNNHPRTIWP,-0.26,0,0,0,-0.26,0,-0.26,-0.388,-0.26,0,0,-0.388,-0.388,0,-0.26,0,-0.464,0,-0.26,0
seq64,CGESCAMISFCFTEVIGCSCKNKVCYLNSIS,-0.16,-0.459,0,-0.255,-0.255,-0.255,0,-0.326,-0.255,-0.16,-0.16,-0.255,0,0,0,-0.425,-0.16,-0.255,0,-0.16
seq65,CGESCVFIPCITSVAGCSCKSKVCYRNGIP,-0.164,-0.464,0,-0.164,-0.164,-0.332,0,-0.332,-0.26,0,0,-0.164,-0.26,0,-0.164,-0.388,-0.164,-0.332,0,-0.164
seq66,CGSVFLVGQLFTFSPRHH,0,-0.232,0,0,-0.431,-0.352,-0.352,0,0,-0.352,0,0,-0.232,-0.232,-0.232,-0.352,-0.232,-0.352,0,0
seq67,CLGVGSCNDFAGCGYAIVCFW,-0.323,-0.456,-0.209,0,-0.323,-0.456,0,-0.209,0,-0.209,0,-0.209,0,0,0,-0.209,0,-0.323,-0.209,-0.209
seq68,DCPNGPWVWVPAFCQAVGWG,-0.332,-0.332,-0.216,0,-0.216,-0.411,0,0,0,0,0,-0.216,-0.411,-0.216,0,0,0,-0.411,-0.411,0
seq69,DREINNYTSLIHSLIEESQNQQEKNEQELLELDKWA,-0.144,0,-0.232,-0.459,0,0,-0.144,-0.299,-0.232,-0.396,0,-0.352,0,-0.352,-0.144,-0.299,-0.144,0,-0.144,-0.144
seq70,EELAKKAEELAKKAEELAKKAEELAKKAWASLWNWF,-0.5,0,0,-0.482,-0.144,0,0,0,-0.482,-0.396,0,-0.144,0,0,0,-0.144,0,0,-0.299,0
seq71,GADFQECMKEHSQKQHQHQG,-0.216,-0.216,-0.216,-0.332,-0.216,-0.332,-0.411,0,-0.332,0,-0.216,0,0,-0.5,0,-0.216,0,0,0,0
seq72,GDPTFCGETCRVIPVCTYSAALGCTCDDRSDGLCKRN,-0.228,-0.426,-0.347,-0.141,-0.141,-0.347,0,-0.141,-0.141,-0.228,0,-0.141,-0.228,0,-0.294,-0.228,-0.347,-0.228,0,-0.141
seq73,GFCRCICTRGFCRCICTR,0,-0.528,0,0,-0.352,-0.352,0,-0.352,0,0,0,0,0,0,-0.482,0,-0.352,0,0,0
seq74,GFCRCLCRRGVCRCICTR,0,-0.528,0,0,-0.232,-0.352,0,-0.232,0,-0.232,0,0,0,0,-0.513,0,-0.232,-0.232,0,0
seq75,GIGGKILSGLKTALKGAAKELASTYLH,-0.408,0,0,-0.176,0,-0.451,-0.176,-0.278,-0.408,-0.451,0,0,0,0,0,-0.278,-0.278,0,0,-0.176
seq76,GIGTKILGGVKTALKGALKELASTYAN,-0.408,0,0,-0.176,0,-0.451,0,-0.278,-0.408,-0.408,0,-0.176,0,0,0,-0.176,-0.352,-0.176,0,-0.176
seq77,GIKEFKREFQRIKDFLRNLV,0,0,-0.216,-0.332,-0.411,-0.216,0,-0.332,-0.411,-0.332,0,-0.216,0,-0.216,-0.411,0,0,-0.216,0,0
seq78,GIKEFKRIVQRIKDFLRNLV,0,0,-0.216,-0.216,-0.332,-0.216,0,-0.411,-0.411,-0.332,0,-0.216,0,-0.216,-0.411,0,0,-0.332,0,0
seq79,GIKYFSMVGNWAKVLVVL,-0.232,0,0,0,-0.232,-0.352,0,-0.232,-0.352,-0.352,-0.232,-0.232,0,0,0,-0.232,0,-0.482,-0.232,-0.232
seq80,GIPCAESCVWIPCTVTALVGCSCSDKVCYN,-0.26,-0.464,-0.164,-0.164,0,-0.26,0,-0.26,-0.164,-0.164,0,-0.164,-0.26,0,0,-0.332,-0.26,-0.388,-0.164,-0.164
seq81,GIPCGESCVFIPCLTTVAGCSCKNKVCYRN,-0.164,-0.464,0,-0.164,-0.164,-0.332,0,-0.26,-0.26,-0.164,0,-0.26,-0.26,0,-0.164,-0.26,-0.26,-0.332,0,-0.164
seq82,GLPICGETCVGGTCNTPGCSCSWPVCTRN,0,-0.47,0,-0.168,0,-0.437,0,-0.168,0,-0.168,0,-0.266,-0.339,0,-0.168,-0.266,-0.394,-0.266,-0.168,0
seq83,GPWVWVPAFCQAVGWGDPIT,-0.332,-0.216,-0.216,0,-0.216,-0.411,0,-0.216,0,0,0,0,-0.411,-0.216,0,0,-0.216,-0.411,-0.411,0
seq84,GRFKRFRKKFKKLFKKIS,0,0,0,0,-0.482,-0.232,0,-0.232,-0.53,-0.232,0,0,0,0,-0.431,-0.232,0,0,0,0
seq85,GTACGESCYVLPCFTVGCTCTSSQCFKN,-0.172,-0.476,0,-0.172,-0.272,-0.345,0,0,-0.172,-0.172,0,-0.172,-0.172,-0.172,0,-0.345,-0.401,-0.272,0,-0.172
seq86,GTKALTEVIPLTEEAEC,-0.363,-0.24,0,-0.491,0,-0.24,0,-0.24,-0.24,-0.363,0,0,-0.24,0,0,0,-0.442,-0.24,0,0
seq87,GTKWLTEWIPLTAEAEC,-0.363,-0.24,0,-0.442,0,-0.24,0,-0.24,-0.24,-0.363,0,0,-0.24,0,0,0,-0.442,0,-0.363,0
seq88,GVCRCICGRGVCRCICGR,0,-0.528,0,0,0,-0.482,0,-0.352,0,0,0,0,0,0,-0.482,0,0,-0.352,0,0
seq89,GVIPCGESCVFIPCISAAIGCSCKNKVCYRN,-0.255,-0.459,0,-0.16,-0.16,-0.326,0,-0.381,-0.255,0,0,-0.255,-0.255,0,-0.16,-0.326,0,-0.326,0,-0.16
seq90,GVPCGESCVFIPCITGVIGCSCSSNVCYLN,0,-0.464,0,-0.164,-0.164,-0.388,0,-0.332,0,-0.164,0,-0.26,-0.26,0,0,-0.388,-0.164,-0.388,0,-0.164
seq91,IWNNMTWMEWDREINNYTSLIHSLIEESQNQQEKNE,0,0,-0.144,-0.431,0,0,-0.144,-0.352,-0.144,-0.232,-0.232,-0.431,0,-0.299,-0.144,-0.299,-0.232,0,-0.299,-0.144
seq92,KIMAKPSKFYEQLRGR,-0.25,0,0,-0.25,-0.25,-0.25,0,-0.25,-0.453,-0.25,-0.25,0,-0.25,-0.25,-0.375,-0.25,0,0,0,-0.25
seq93,KIPCGESCVWIPCLTSVFNCKCENKVCYHD,0,-0.464,-0.164,-0.26,-0.164,-0.164,-0.164,-0.26,-0.332,-0.164,0,-0.26,-0.26,0,0,-0.26,-0.164,-0.332,-0.164,-0.164
seq94,KPVSLSYRCPCRFF,0,-0.401,0,0,-0.401,0,0,0,-0.272,-0.272,0,0,-0.401,0,-0.401,-0.401,0,-0.272,0,-0.272
seq95,LCDCPNGPWVWVPAFCQAVG,-0.332,-0.411,-0.216,0,-0.216,-0.332,0,0,0,-0.216,0,-0.216,-0.411,-0.216,0,0,0,-0.411,-0.332,0
seq96,LEAIPCSIPPCFAFNKDFVF,-0.332,-0.332,-0.216,-0.216,-0.464,0,0,-0.332,-0.216,-0.216,0,-0.216,-0.411,0,0,-0.216,0,-0.216,0,0
seq97,LEAIPCSIPPCLAFAKPFVF,-0.411,-0.332,0,-0.216,-0.411,0,0,-0.332,-0.216,-0.332,0,0,-0.464,0,0,-0.216,0,-0.216,0,0
seq98,LEAIPCSIPPCVFFGKPFVF,-0.216,-0.332,0,-0.216,-0.464,-0.216,0,-0.332,-0.216,-0.216,0,0,-0.464,0,0,-0.216,0,-0.332,0,0
seq99,LEAIPCSIPPCVLFNKPFVF,-0.216,-0.332,0,-0.216,-0.411,0,0,-0.332,-0.216,-0.332,0,-0.216,-0.464,0,0,-0.216,0,-0.332,0,0
seq100,LEAIPCSIPPEFLFGKPFVFLEAIPCSIPPEFLFGKPFVF,-0.216,-0.216,0,-0.332,-0.464,-0.216,0,-0.332,-0.216,-0.332,0,0,-0.464,0,0,-0.216,0,-0.216,0,0
seq101,LEAIPISIPPEVFFGKPFVF,-0.216,0,0,-0.332,-0.464,-0.216,0,-0.411,-0.216,-0.216,0,0,-0.464,0,0,-0.216,0,-0.332,0,0
seq102,LEAIPMCIPPECFFNKPFVF,-0.216,-0.332,0,-0.332,-0.464,0,0,-0.332,-0.216,-0.216,-0.216,-0.216,-0.464,0,0,0,0,-0.216,0,0
seq103,LEAIPMCIPPECLFGKPFVF,-0.216,-0.332,0,-0.332,-0.411,-0.216,0,-0.332,-0.216,-0.332,-0.216,0,-0.464,0,0,0,0,-0.216,0,0
seq104,LEAIPMKIPPEFLFGKPFVF,-0.216,0,0,-0.332,-0.464,-0.216,0,-0.332,-0.332,-0.332,-0.216,0,-0.464,0,0,0,0,-0.216,0,0
seq105,LEAIPMSCPPEFCFGKPFVF,-0.216,-0.332,0,-0.332,-0.464,-0.216,0,-0.216,-0.216,-0.216,-0.216,0,-0.464,0,0,-0.216,0,-0.216,0,0
seq106,LEAIPMSIPPEFAFNKDFVF,-0.332,0,-0.216,-0.332,-0.464,0,0,-0.332,-0.216,-0.216,-0.216,-0.216,-0.411,0,0,-0.216,0,-0.216,0,0
seq107,LEAIPMSIPPEIAFNKPFVF,-0.332,0,0,-0.332,-0.411,0,0,-0.411,-0.216,-0.216,-0.216,-0.216,-0.464,0,0,-0.216,0,-0.216,0,0
seq108,LEAIPMSIPPELAFAKPFVF,-0.411,0,0,-0.332,-0.411,0,0,-0.332,-0.216,-0.332,-0.216,0,-0.464,0,0,-0.216,0,-0.216,0,0
seq109,LEAIPMSIPPEVKFNKPFVF,-0.216,0,0,-0.332,-0.411,0,0,-0.332,-0.332,-0.216,-0.216,-0.216,-0.464,0,0,-0.216,0,-0.332,0,0
seq110,LIHSLIEESQNQQEKNEQELLELDKWASLWNWFNIT,-0.144,0,-0.144,-0.431,-0.144,0,-0.144,-0.299,-0.232,-0.431,0,-0.352,0,-0.352,0,-0.299,-0.144,0,-0.299,0
seq111,LLGDLLRKSKEKIGKEFKRIVQRIKDFLRNLVPRTES,0,0,-0.228,-0.294,-0.228,-0.228,0,-0.294,-0.426,-0.426,0,-0.141,-0.141,-0.141,-0.39,-0.228,-0.141,-0.228,0,0
seq112,LLRIPQAIMDMIAGAHWG,-0.431,0,-0.232,0,0,-0.352,-0.232,-0.431,0,-0.352,-0.352,0,-0.232,-0.232,-0.232,0,0,0,-0.232,0
seq113,LPLPAPSFHRTT,-0.299,0,0,0,-0.299,0,-0.299,0,0,-0.431,0,0,-0.5,0,-0.299,-0.299,-0.431,0,0,0
seq114,NEYHGFVDKANNENKRKKQQGRDDFVVKPNNFANRRRKDDYNENYYDDVDAADVV,-0.275,0,-0.427,-0.229,-0.229,-0.174,-0.105,0,-0.349,0,0,-0.427,-0.105,-0.174,-0.314,0,0,-0.349,0,-0.275
seq115,NGVIPCGESCVFIPCISTLLGCSKNKVCYR,0,-0.431,0,-0.164,-0.164,-0.332,0,-0.332,-0.26,-0.26,0,-0.26,-0.26,0,-0.164,-0.332,-0.164,-0.332,0,-0.164
seq116,NNYTSLIHSLIEESQNQQEKNEQELLELDKWASLWN,-0.144,0,-0.144,-0.431,0,0,-0.144,-0.232,-0.232,-0.431,0,-0.396,0,-0.352,0,-0.352,-0.144,0,-0.232,-0.144
seq117,PNGPWVWVPAFCQAVGWGDP,-0.332,-0.216,-0.216,0,-0.216,-0.411,0,0,0,0,0,-0.216,-0.464,-0.216,0,0,0,-0.411,-0.411,0
seq118,PQITLRKKRRQRRRPPQVSFNFATLNF,-0.176,0,0,0,-0.352,0,0,-0.176,-0.278,-0.278,0,-0.278,-0.352,-0.352,-0.482,-0.176,-0.278,-0.176,0,0
seq119,PTGERVWDRGNVTLLCDCPN,0,-0.332,-0.332,-0.216,0,-0.332,0,0,0,-0.332,0,-0.332,-0.332,0,-0.332,0,-0.332,-0.332,-0.216,0
seq120,QLLDVVKRQQEMLRLTVWGTKNLQARVTAIEKYLKDQ,-0.228,0,-0.228,-0.228,0,-0.141,0,-0.141,-0.347,-0.426,-0.141,-0.141,0,-0.39,-0.294,0,-0.294,-0.347,-0.141,-0.141
seq121,QLLIRMIYKNILFYLVPGPGHGAEPERRNIKYL,-0.153,0,0,-0.245,-0.153,-0.314,-0.153,-0.369,-0.245,-0.412,-0.153,-0.245,-0.314,-0.153,-0.314,0,0,-0.153,0,-0.314
seq122,RGGRLCYCRRRFCVCVGR,0,-0.482,0,0,-0.232,-0.431,0,0,0,-0.232,0,0,0,0,-0.528,0,0,-0.352,0,-0.232
seq123,RGNVTLLCDCPNGPWVWVPA,-0.216,-0.332,-0.216,0,0,-0.332,0,0,0,-0.332,0,-0.332,-0.411,0,-0.216,0,-0.216,-0.411,-0.332,0
seq124,RIPTGERVWDRGNVTLLCDC,0,-0.332,-0.332,-0.216,0,-0.332,0,-0.216,0,-0.332,0,-0.216,-0.216,0,-0.411,0,-0.332,-0.332,-0.216,0
seq125,SGKSFKAGVCPPKKSAQCLRYKKPECQSDWQCPGKKRCCPDTCGIKCLDPVDTPNPTRRKPGKCPVTYGQCLMLNPPNFCEMDGQCKRDLKCCMGMCGKSCVSPVKA,-0.145,-0.41,-0.233,-0.107,-0.107,-0.3,0,-0.063,-0.397,-0.207,-0.177,-0.145,-0.369,-0.207,-0.207,-0.233,-0.177,-0.207,-0.063,-0.107
seq126,SNQGGSPLPRSV,0,0,0,0,0,-0.431,0,0,0,-0.299,0,-0.299,-0.431,-0.299,-0.299,-0.5,0,-0.299,0,0
seq127,SSGLYHVTNDCPNSSIVY,0,-0.232,-0.232,0,0,-0.232,-0.232,-0.232,0,-0.232,0,-0.352,-0.232,0,0,-0.482,-0.232,-0.352,0,-0.352
seq128,SYRCPCRFFES,0,-0.447,0,-0.314,-0.447,0,0,0,0,0,0,0,-0.314,0,-0.447,-0.447,0,0,0,-0.314
seq129,SYSMEHFRWGKPV,0,0,0,-0.285,-0.285,-0.285,-0.285,0,-0.285,0,-0.285,0,-0.285,0,-0.285,-0.415,0,-0.285,-0.285,-0.285
seq130,TLLCDCPNGPWVWVPAFCQA,-0.332,-0.411,-0.216,0,-0.216,-0.216,0,0,0,-0.332,0,-0.216,-0.411,-0.216,0,0,-0.216,-0.332,-0.332,0
seq131,VCYRNGIPCGESCVWIPCISAALGSCK,-0.278,-0.451,0,-0.176,0,-0.352,0,-0.352,-0.176,-0.176,0,-0.176,-0.278,0,-0.176,-0.352,0,-0.278,-0.176,-0.176
seq132,WDRGNVTLLCDCPNGPWVWV,0,-0.332,-0.332,0,0,-0.332,0,0,0,-0.332,0,-0.332,-0.332,0,-0.216,0,-0.216,-0.411,-0.411,0
seq133,WMEWDREIEALAKAAEALAKAAEALAKAAWASLWNWF,-0.53,0,-0.141,-0.39,-0.141,0,0,-0.141,-0.294,-0.347,-0.141,-0.141,0,0,-0.141,-0.141,0,0,-0.39,0
seq134,WMEWDREIEEAAKKLEEAAKKLEEAAKKLWASLWNWF,-0.454,0,-0.141,-0.478,-0.141,0,0,-0.141,-0.426,-0.347,-0.141,-0.141,0,0,-0.141,-0.141,0,0,-0.39,0
seq135,WVWVPAFCQAVGWGDPITHW,-0.332,-0.216,-0.216,0,-0.216,-0.332,-0.216,-0.216,0,0,0,0,-0.332,-0.216,0,0,-0.216,-0.411,-0.464,0
seq136,YPGHITGHRMANMMMNW,-0.24,0,0,0,0,-0.363,-0.363,-0.24,0,0,-0.491,-0.363,-0.24,0,-0.24,0,-0.24,0,-0.24,-0.24
seq137,YQLAIRMIYKNI,-0.299,0,0,0,0,0,0,-0.5,-0.299,-0.299,-0.299,-0.299,0,-0.299,-0.299,0,0,0,0,-0.431
seq138,YQLLIRAIYKNI,-0.299,0,0,0,0,0,0,-0.5,-0.299,-0.431,0,-0.299,0,-0.299,-0.299,0,0,0,0,-0.431
seq139,YQLLIRMAYKNI,-0.299,0,0,0,0,0,0,-0.431,-0.299,-0.431,-0.299,-0.299,0,-0.299,-0.299,0,0,0,0,-0.431
seq140,YQLLIRMIAKNI,-0.299,0,0,0,0,0,0,-0.5,-0.299,-0.431,-0.299,-0.299,0,-0.299,-0.299,0,0,0,0,-0.299
seq141,YQLLIRMIYANI,-0.299,0,0,0,0,0,0,-0.5,0,-0.431,-0.299,-0.299,0,-0.299,-0.299,0,0,0,0,-0.431
seq142,YQLLIRMIYKAI,-0.299,0,0,0,0,0,0,-0.5,-0.299,-0.431,-0.299,0,0,-0.299,-0.299,0,0,0,0,-0.431
seq143,YQLLIRMIYKNA,-0.299,0,0,0,0,0,0,-0.431,-0.299,-0.431,-0.299,-0.299,0,-0.299,-0.299,0,0,0,0,-0.431
seq144,YTSLIHSLIEESQNQQEKNQQELLQLDKWASLWNWF,-0.144,0,-0.144,-0.352,-0.144,0,-0.144,-0.232,-0.232,-0.431,0,-0.299,0,-0.431,0,-0.352,-0.144,0,-0.299,-0.144
seq145,YTSLIQSLIEESQNQQEKNEQQLLELDKWASLWNWF,-0.144,0,-0.144,-0.396,-0.144,0,0,-0.232,-0.232,-0.431,0,-0.299,0,-0.431,0,-0.352,-0.144,0,-0.299,-0.144
seq146,ALWKTMLKKLGTMALHAGKAALGAAADTISQGTQ,-0.491,0,-0.15,0,0,-0.363,-0.15,-0.15,-0.363,-0.407,-0.24,0,0,-0.24,0,-0.15,-0.363,0,-0.15,0
seq147,GLFGVLAKVAAHVVPAIAEHF,-0.493,0,0,-0.209,-0.323,-0.323,-0.323,-0.209,-0.209,-0.323,0,0,-0.209,0,0,0,0,-0.456,0,0
seq148,GLLSVLGSVAKHVLPHVVPVIAEHL,-0.292,0,0,-0.186,0,-0.292,-0.367,-0.186,-0.186,-0.464,0,0,-0.292,0,0,-0.292,0,-0.494,0,0
seq149,CGRLLLRRQRRRAHQN,-0.25,-0.25,0,0,0,-0.25,-0.25,0,0,-0.453,0,-0.25,0,-0.375,-0.531,0,0,0,0,0
seq150,EWRKKRYSTQV,0,0,0,-0.314,0,0,0,0,-0.447,0,0,0,0,-0.314,-0.447,-0.314,-0.314,-0.314,-0.314,-0.314
seq151,FFGKVLKLIRKIF,0,0,0,0,-0.488,-0.285,0,-0.415,-0.488,-0.415,0,0,0,0,-0.285,0,0,-0.285,0,0
seq152,FFHHIFRGIVHVGKTIHRLVTG,0,0,0,0,-0.392,-0.392,-0.447,-0.392,-0.203,-0.203,0,0,0,0,-0.314,0,-0.314,-0.392,0,0
seq153,GFKDLLKGAAKALVKTVLF,-0.42,0,-0.224,0,-0.342,-0.342,0,0,-0.473,-0.473,0,0,0,0,0,0,-0.224,-0.342,0,0
seq154,GFLDIIEKIAKSW,-0.285,0,-0.285,-0.285,-0.285,-0.285,0,-0.488,-0.415,-0.285,0,0,0,0,0,-0.285,0,0,-0.285,0
seq155,GFLSILKKVLPKVMAHMK,-0.232,0,0,0,-0.232,-0.232,-0.232,-0.232,-0.482,-0.431,-0.352,0,-0.232,0,0,-0.232,0,-0.352,0,0
seq156,GFNEIVQDIEDFLQNLV,0,0,-0.363,-0.363,-0.363,-0.24,0,-0.363,0,-0.363,0,-0.363,0,-0.363,0,0,0,-0.363,0,0
seq157,GIGAVLKVLTTGLPALISWIKRKRQQ,-0.285,0,0,0,0,-0.359,0,-0.359,-0.359,-0.415,0,0,-0.181,-0.285,-0.285,-0.181,-0.285,-0.285,-0.181,0
seq158,GIIDIAKKLFESW,-0.285,0,-0.285,-0.285,-0.285,-0.285,0,-0.488,-0.415,-0.285,0,0,0,0,0,-0.285,0,0,-0.285,0
seq159,GIWDTIKSMGKVFAGKILQNL,-0.209,0,-0.209,0,-0.209,-0.401,0,-0.401,-0.401,-0.323,-0.209,-0.209,0,-0.209,0,-0.209,-0.209,-0.209,-0.209,0
seq160,GIWSDLAEIIKKF,-0.285,0,-0.285,-0.285,-0.285,-0.285,0,-0.488,-0.415,-0.285,0,0,0,0,0,-0.285,0,0,-0.285,0
seq161,GLLGLLGSVVSHVVPAIVGHF,-0.209,0,0,0,-0.209,-0.456,-0.323,-0.209,0,-0.456,0,0,-0.209,0,0,-0.323,0,-0.493,0,0
seq162,GLRRLLGRLLRRLGRLLLR,0,0,0,0,0,-0.42,0,0,0,-0.511,0,0,0,0,-0.531,0,0,0,0,0
seq163,GLRSKIWLWVLLMIWQESNKFKKM,0,0,0,-0.191,-0.191,-0.191,0,-0.299,-0.431,-0.431,-0.299,-0.191,0,-0.191,-0.191,-0.299,0,-0.191,-0.375,0
seq164,GLRSRIWLWVLLMIWQESNRFKRM,0,0,0,-0.191,-0.191,-0.191,0,-0.299,-0.191,-0.431,-0.299,-0.191,0,-0.191,-0.431,-0.299,0,-0.191,-0.375,0
seq165,GWFDIIKKIASEL,-0.285,0,-0.285,-0.285,-0.285,-0.285,0,-0.488,-0.415,-0.285,0,0,0,0,0,-0.285,0,0,-0.285,0
seq166,GWFDVVKHIAKRF,-0.285,0,-0.285,0,-0.415,-0.285,-0.285,-0.285,-0.415,0,0,0,0,0,-0.285,0,0,-0.415,-0.285,0
seq167,ILGPVLGLVSRTLRRVLGIL,0,0,0,0,0,-0.411,0,-0.332,0,-0.521,0,0,-0.216,0,-0.411,-0.216,-0.216,-0.411,0,0
seq168,LLKELWTKIKGAGKAVLGKIKGLL,-0.299,0,0,-0.191,0,-0.431,0,-0.299,-0.5,-0.5,0,0,0,0,0,0,-0.191,-0.191,-0.191,0
seq169,MTWEAWDRAIAEYAARIEALIRAAQEQQEKNEAALREL,-0.507,0,-0.138,-0.45,0,0,0,-0.289,-0.138,-0.289,-0.138,-0.138,0,-0.289,-0.342,0,-0.138,0,-0.224,-0.138
seq170,MTWMAWDRAIANYAALIHALIEAAQNQQEKNEAALLEL,-0.507,0,-0.138,-0.342,0,0,-0.138,-0.289,-0.138,-0.385,-0.224,-0.289,0,-0.289,-0.138,0,-0.138,0,-0.224,-0.138
seq171,MTWMEWDREINNYTSLIHSLIEESQNQQEKNEQELLEL,0,0,-0.138,-0.473,0,0,-0.138,-0.289,-0.138,-0.385,-0.224,-0.342,0,-0.342,-0.138,-0.289,-0.224,0,-0.224,-0.138
seq172,SLSRFLRFLKIVYRRAF,-0.24,0,0,0,-0.442,0,0,-0.24,-0.24,-0.442,0,0,0,0,-0.491,-0.363,0,-0.24,0,-0.24
seq173,TTWEAWDRAIAEYAARIEALIRALQELQEKLEAILREL,-0.473,0,-0.138,-0.45,0,0,0,-0.342,-0.138,-0.42,0,0,0,-0.224,-0.342,0,-0.224,0,-0.224,-0.138
seq174,TTWEEWDREINEYTSRIESLIRESQEQQEKNEQELREL,0,0,-0.138,-0.518,0,0,0,-0.289,-0.138,-0.289,0,-0.224,0,-0.342,-0.342,-0.289,-0.289,0,-0.224,-0.138
seq175,VFQFLGRIIHHVGNFVHGFSHVF,0,0,0,0,-0.479,-0.383,-0.439,-0.306,0,-0.197,0,-0.197,0,-0.197,-0.197,-0.197,0,-0.439,0,0
seq176,WQEWEQKITALLEQAQIQQEKNEYELQKLDKWASLWEWF,-0.285,0,-0.136,-0.445,-0.136,0,0,-0.22,-0.337,-0.38,0,-0.136,0,-0.445,0,-0.136,-0.136,0,-0.38,-0.136
seq177,YVSGKARGWFYRHHYESPHPRISSEVHIPLGDARLV,-0.232,0,-0.144,-0.232,-0.144,-0.299,-0.352,-0.232,-0.144,-0.232,0,0,-0.299,0,-0.352,-0.352,0,-0.299,-0.144,-0.299
seq178,AEGIGALFLGFLGAAGSTMGARSMTLTVQARQL,-0.447,0,0,-0.153,-0.245,-0.447,0,-0.153,0,-0.412,-0.245,0,0,-0.245,-0.245,-0.245,-0.314,-0.153,0,0
seq179,AIRDTNKAVQSVQSSIGNLIVAIKSVQDYVNKEIV,-0.304,0,-0.236,-0.147,0,-0.147,0,-0.401,-0.304,-0.147,0,-0.304,0,-0.304,-0.147,-0.358,-0.147,-0.436,0,-0.147
seq180,AKQARSDIEKLKEAIRDTNKAVQSVQSSIGNLIVA,-0.401,0,-0.236,-0.236,0,-0.147,0,-0.358,-0.358,-0.236,0,-0.236,0,-0.304,-0.236,-0.358,-0.147,-0.304,0,0
seq181,AVALVEAKQARSDIEKLKEAIRDTNKAVQSVQSSI,-0.436,0,-0.236,-0.304,0,0,0,-0.304,-0.358,-0.236,0,-0.147,0,-0.304,-0.236,-0.358,-0.147,-0.358,0,0
seq182,DISIELNKAKSDLEESKEWIRRSNQKLDSIGNWHQ,-0.147,0,-0.304,-0.358,0,-0.147,-0.147,-0.358,-0.358,-0.304,0,-0.304,0,-0.236,-0.236,-0.401,0,0,-0.236,0
seq183,KLKEAIRDTNKAVQSVQSSIGNLIVAIKSVQDYVN,-0.304,0,-0.236,-0.147,0,-0.147,0,-0.358,-0.358,-0.236,0,-0.304,0,-0.304,-0.147,-0.358,-0.147,-0.401,0,-0.147
seq184,LNNSVALDPIDISIELNKAKSDLEESKEWIRRSNQ,-0.236,0,-0.304,-0.358,0,0,0,-0.358,-0.304,-0.358,0,-0.358,-0.147,-0.147,-0.236,-0.401,0,-0.147,-0.147,0
seq185,RSDIEKLKEAIRDTNKAVQSVQSSIGNLIVAIKSV,-0.304,0,-0.236,-0.236,0,-0.147,0,-0.401,-0.358,-0.236,0,-0.236,0,-0.236,-0.236,-0.401,-0.147,-0.358,0,0
seq186,AQITAAVALVEAKQARSDIEKLKEAIRDTNKAVQS,-0.487,0,-0.236,-0.304,0,0,0,-0.304,-0.358,-0.236,0,-0.147,0,-0.304,-0.236,-0.236,-0.236,-0.304,0,0
seq187,RFLVCWKQKIWGKARPSMCTRRARF,-0.292,-0.292,0,0,-0.292,-0.186,0,-0.186,-0.367,-0.186,-0.186,0,-0.186,-0.186,-0.464,-0.186,-0.186,-0.186,-0.292,0
seq188,AAHLIDALYAEFLGGRVLTTPVVHRALFYASAVLRQPFLAGVPSA,-0.464,0,-0.122,-0.122,-0.26,-0.26,-0.2,-0.122,0,-0.418,0,0,-0.26,-0.122,-0.26,-0.2,-0.2,-0.352,0,-0.2
seq189,FLPVLAGIAAKVVPALFCKITKKC,-0.431,-0.299,0,0,-0.299,-0.191,0,-0.299,-0.431,-0.375,0,0,-0.299,0,0,0,-0.191,-0.375,0,0
seq190,GHRRYFTFGGGYVYF,0,0,0,0,-0.464,-0.509,-0.26,0,0,0,0,0,0,0,-0.388,0,-0.26,-0.26,0,-0.464
seq191,GIGKFLHSAGKFGKAFVGEIMKS,-0.306,0,0,-0.197,-0.383,-0.479,-0.197,-0.306,-0.439,-0.197,-0.197,0,0,0,0,-0.306,0,-0.197,0,0
seq192,GLASTLTRWAHYNALIRAF,-0.473,0,0,0,-0.224,-0.224,-0.224,-0.224,0,-0.42,0,-0.224,0,0,-0.342,-0.224,-0.342,0,-0.224,-0.224
seq193,HEFVPLEVYTRHEIK,0,0,0,-0.464,-0.26,0,-0.388,-0.26,-0.26,-0.26,0,0,-0.26,0,-0.26,0,-0.26,-0.388,0,-0.26
seq194,HRWRKRWRKWRWRKRWRK,0,0,0,0,0,0,-0.232,0,-0.482,0,0,0,0,0,-0.52,0,0,0,-0.513,0
seq195,KRWRKRWRKKRWRKRWRK,0,0,0,0,0,0,0,0,-0.528,0,0,0,0,0,-0.52,0,0,0,-0.482,0
seq196,KTTSSIEFARLQFTY,-0.26,0,0,-0.26,-0.388,0,0,-0.26,-0.26,-0.26,0,0,0,-0.26,-0.26,-0.388,-0.464,0,0,-0.26
seq197,LRKRKRLRKLRKRKRLRK,0,0,0,0,0,0,0,0,-0.528,-0.482,0,0,0,0,-0.52,0,0,0,0,0
seq198,LRTRKRGRKLRTRKRGRK,0,0,0,0,0,-0.352,0,0,-0.482,-0.352,0,0,0,0,-0.52,0,-0.352,0,0,0
seq199,LRWRKRWRKLRWRKRWRK,0,0,0,0,0,0,0,0,-0.482,-0.352,0,0,0,0,-0.52,0,0,0,-0.482,0
seq200,RARRSLLIASALCTSDVAAATNADLRTALARADHQKTLFWL,-0.496,-0.131,-0.276,0,-0.131,0,-0.131,-0.131,-0.131,-0.435,0,-0.131,0,-0.131,-0.37,-0.276,-0.328,-0.131,-0.131,0
seq201,RRCICTTRTCRFPYRRLGTCIFQNRVYTFCC,0,-0.459,0,0,-0.326,-0.16,0,-0.255,0,-0.16,0,-0.16,-0.16,-0.16,-0.485,0,-0.425,-0.16,0,-0.255
seq202,RRWRKRWRKRRWRKRWRK,0,0,0,0,0,0,0,0,-0.482,0,0,0,0,0,-0.471,0,0,0,-0.482,0
seq203,RTRKRWRKRTRKRGRK,0,0,0,0,0,-0.25,0,0,-0.5,0,0,0,0,0,-0.5,0,-0.375,0,-0.25,0
seq204,RWRKRGRKRWRKRGRK,0,0,0,0,0,-0.375,0,0,-0.5,0,0,0,0,0,-0.5,0,0,0,-0.375,0
seq205,RWRKRWRKRWRKRWRK,0,0,0,0,0,0,0,0,-0.5,0,0,0,0,0,-0.5,0,0,0,-0.5,0
seq206,RWRKRWRWRKRWRWRKRW,0,0,0,0,0,0,0,0,-0.431,0,0,0,0,0,-0.5,0,0,0,-0.528,0
seq207,TARLQLEARLQHLVAEILEREQSLALHALGYQLAFV,-0.431,0,0,-0.352,-0.144,-0.144,-0.232,-0.144,0,-0.5,0,0,0,-0.352,-0.299,-0.144,-0.144,-0.232,0,-0.144
seq208,TTPKFTVAWDWVPKR,-0.26,0,-0.26,0,-0.26,0,0,0,-0.388,0,0,0,-0.388,0,-0.26,0,-0.464,-0.388,-0.388,0
seq209,VFQFLGKIIKKVGNFVKGFSKVF,0,0,0,0,-0.479,-0.383,0,-0.306,-0.479,-0.197,0,-0.197,0,-0.197,0,-0.197,0,-0.439,0,0
seq210,VVCACRRALCLPLERRAGFCRIRGRIHPLCCRR,-0.314,-0.447,0,-0.153,-0.153,-0.245,-0.153,-0.245,0,-0.369,0,0,-0.245,0,-0.511,0,0,-0.245,0,0
seq211,YDHIQDHVNTMFSRLATSWCLLQNKERALWAEAA,-0.407,-0.15,-0.24,-0.24,-0.15,0,-0.24,-0.15,-0.15,-0.363,-0.15,-0.24,0,-0.24,-0.24,-0.24,-0.24,-0.15,-0.24,-0.15
seq212,ILPWKWPWWPWRR,0,0,0,0,0,0,0,-0.285,-0.285,-0.285,0,0,-0.488,0,-0.415,0,0,0,-0.53,0
seq213,GMASKAGAIAGKIAKVALKAL,-0.528,0,0,0,0,-0.401,0,-0.323,-0.456,-0.323,-0.209,0,0,0,0,-0.209,0,-0.209,0,0
seq214,GIGKFLKKAKKGIGAVLKVLTTGL,-0.299,0,0,0,-0.191,-0.471,0,-0.299,-0.5,-0.431,0,0,0,0,0,0,-0.299,-0.299,0,0
seq215,ALSKALSKALSKALSKALSKALSK,-0.5,0,0,0,0,0,0,0,-0.5,-0.5,0,0,0,0,0,-0.5,0,0,0,0
seq216,KKLLKKLKKLLKKL,0,0,0,0,0,0,0,0,-0.461,-0.524,0,0,0,0,0,0,0,0,0,0
seq217,CATCEQIADSQHRSHRQMV,-0.342,-0.342,-0.224,-0.224,0,0,-0.342,-0.224,0,0,-0.224,0,0,-0.42,-0.342,-0.342,-0.224,-0.224,0,0
seq218,CATCQIADSHRSHRQMV,-0.363,-0.363,-0.24,0,0,0,-0.363,-0.24,0,0,-0.24,0,0,-0.363,-0.363,-0.363,-0.24,-0.24,0,0
seq219,PPWCCCSPMKRASPPPAQSDLPATPKCPP,-0.339,-0.394,-0.168,0,0,0,0,0,-0.266,-0.168,-0.168,0,-0.53,-0.168,-0.168,-0.339,-0.168,0,-0.168,0
seq220,RRKKAAVALLPAVLLALLAP,-0.521,0,0,0,0,0,0,0,-0.332,-0.521,0,0,-0.332,0,-0.332,0,0,-0.332,0,0
seq221,RRKKAVLLALLAP,-0.488,0,0,0,0,0,0,0,-0.415,-0.523,0,0,-0.285,0,-0.415,0,0,-0.285,0,0
seq222,RRKKLPAVLLALLAP,-0.464,0,0,0,0,0,0,0,-0.388,-0.528,0,0,-0.388,0,-0.388,0,0,-0.26,0,0
seq223,RRKKPAVLLALLAP,-0.476,0,0,0,0,0,0,0,-0.401,-0.516,0,0,-0.401,0,-0.401,0,0,-0.272,0,0
seq224,RRKKVLLALLAP,-0.431,0,0,0,0,0,0,0,-0.431,-0.528,0,0,-0.299,0,-0.431,0,0,-0.299,0,0
seq225,RRKKVALLAVLLALLA,-0.5,0,0,0,0,0,0,0,-0.375,-0.531,0,0,0,0,-0.375,0,0,-0.375,0,0
seq226,GLLRKGGEKIGEKLKKIGQKIKNFFQKLVPQPEQ,0,0,0,-0.309,-0.24,-0.407,0,-0.309,-0.491,-0.363,0,-0.15,-0.24,-0.363,-0.15,0,0,-0.15,0,0
seq227,RKKLAVLLALLA,-0.5,0,0,0,0,0,0,0,-0.431,-0.526,0,0,0,0,-0.299,0,0,-0.299,0,0
seq228,RRKKAAAAAAAAA,-0.367,0,0,0,0,0,0,0,-0.415,0,0,0,0,0,-0.415,0,0,0,0,0
seq229,HGVSGHGQHGVHG,0,0,0,0,0,-0.53,-0.523,0,0,0,0,0,0,-0.285,0,-0.285,0,-0.415,0,0
seq230,KWKVFKKIEKMGRNIRNGIVKAGPAIAVLGEAKAL,-0.401,0,0,-0.236,-0.147,-0.358,0,-0.358,-0.464,-0.236,-0.147,-0.236,-0.147,0,-0.236,0,0,-0.304,-0.147,0
seq231,DLGPPISLERLDVGTNLGNAIAKLEDAKELLESSD,-0.304,0,-0.358,-0.358,0,-0.304,0,-0.236,-0.236,-0.464,0,-0.236,-0.236,0,-0.147,-0.304,-0.147,-0.147,0,0
seq232,LERLDVGTNLGNAIAKLEDAKELLESSDQILRSMK,-0.304,0,-0.304,-0.358,0,-0.236,0,-0.236,-0.304,-0.464,-0.147,-0.236,0,-0.147,-0.236,-0.304,-0.147,-0.147,0,0
seq233,LHRIDLGPPISLERLDVGTNLGNAIAKLEDAKELL,-0.304,0,-0.304,-0.304,0,-0.304,-0.147,-0.304,-0.236,-0.487,0,-0.236,-0.236,0,-0.236,-0.147,-0.147,-0.147,0,0
seq234,LFRLIKSLIKRLVSAFK,-0.24,0,0,0,-0.363,0,0,-0.363,-0.442,-0.491,0,0,0,0,-0.363,-0.363,0,-0.24,0,0
seq235,ECKFTVKPYLKRFQVYYKGRMWCP,0,-0.299,0,-0.191,-0.299,-0.191,0,0,-0.431,-0.191,-0.191,0,-0.299,-0.191,-0.299,0,-0.191,-0.299,-0.191,-0.375
seq236,GIKCRFCCGCCTPGICGVCCRF,0,-0.531,0,0,-0.314,-0.447,0,-0.314,-0.203,0,0,0,-0.203,0,-0.314,0,-0.203,-0.203,0,0
seq237,GFIFHIIKGLFHAGKMIHGLV,-0.209,0,0,0,-0.401,-0.456,-0.401,-0.456,-0.323,-0.323,-0.209,0,0,0,0,0,0,-0.209,0,0
seq238,CDSCERCWYVWLILLRVRLRLLVSL,0,-0.367,-0.186,-0.186,0,0,0,-0.186,0,-0.514,0,0,0,0,-0.423,-0.292,0,-0.367,-0.292,-0.186
seq239,CTMCRYQQNCFTRRLIVGGMLLVFV,0,-0.367,0,0,-0.292,-0.292,0,-0.186,0,-0.367,-0.292,-0.186,0,-0.292,-0.367,0,-0.292,-0.367,0,-0.186
seq240,PPDVHTPPHALWRLHLSLRVCLVRMWIH,-0.172,-0.172,-0.172,0,0,0,-0.401,-0.172,0,-0.444,-0.172,0,-0.401,0,-0.345,-0.172,-0.172,-0.345,-0.272,0
seq241,DASISQVNEKINQSLAFIRKSDELLHNVNAGKSTT,-0.304,0,-0.236,-0.236,-0.147,-0.147,-0.147,-0.304,-0.304,-0.304,0,-0.358,0,-0.236,-0.147,-0.401,-0.236,-0.236,0,0
seq242,KKRKRRFLGFLLGVGSA,-0.24,0,0,0,-0.363,-0.442,0,0,-0.442,-0.442,0,0,0,0,-0.442,-0.24,0,-0.24,0,0
seq243,SSVITSLGAIVSCYGKT,-0.24,-0.24,0,0,0,-0.363,0,-0.363,-0.24,-0.24,0,0,0,0,0,-0.491,-0.363,-0.363,0,-0.24
seq244,PTTFMLKYDENGTITDAVDC,-0.216,-0.216,-0.411,-0.216,-0.216,-0.216,0,-0.216,-0.216,-0.216,-0.216,-0.216,-0.216,0,0,0,-0.464,-0.216,0,-0.216
seq245,QYGSFCTQLNRALSGIAAEQ,-0.411,-0.216,0,-0.216,-0.216,-0.332,0,-0.216,0,-0.332,0,-0.216,0,-0.411,-0.216,-0.332,-0.216,0,0,-0.216
seq246,YQDVNCTDVSTAIHADQLTP,-0.332,-0.216,-0.411,0,0,0,-0.216,-0.216,0,-0.216,0,-0.216,-0.216,-0.332,0,-0.216,-0.411,-0.332,0,-0.216
seq247,GVFVFNGTSWFITQRNFFS,0,0,0,0,-0.507,-0.342,0,-0.224,0,0,0,-0.342,0,-0.224,-0.224,-0.342,-0.342,-0.342,-0.224,0
seq248,GYFVQDDGEWKFTGSSYYY,0,0,-0.342,-0.224,-0.342,-0.42,0,0,-0.224,0,0,0,0,-0.224,0,-0.342,-0.224,-0.224,-0.224,-0.473
seq249,GYHLMSFPQAAPHGVVFLHVTW,-0.314,0,0,0,-0.314,-0.314,-0.392,0,0,-0.314,-0.203,0,-0.314,-0.203,0,-0.203,-0.203,-0.392,-0.203,-0.203
seq250,NGIGVTQNVLYENQKQIANQFNKAISQIQESLTTTSTA,-0.289,0,0,-0.224,-0.138,-0.224,0,-0.342,-0.224,-0.224,0,-0.385,0,-0.42,0,-0.289,-0.385,-0.224,0,-0.138
seq251,VYINKLTPPCGTMYYACEAV,-0.332,-0.332,0,-0.216,0,-0.216,0,-0.216,-0.216,-0.216,-0.216,-0.216,-0.332,0,0,0,-0.332,-0.332,0,-0.411
seq252,AALYKKKIIKKLLES,-0.388,0,0,-0.26,0,0,0,-0.388,-0.528,-0.464,0,0,0,0,0,-0.26,0,0,0,-0.26
seq253,KNGRKLCLDLQAALY,-0.388,-0.26,-0.26,0,0,-0.26,0,0,-0.388,-0.509,0,-0.26,0,-0.26,-0.26,0,0,0,0,-0.26
seq254,KWKLFKKIGIGKFLHAAKKF,-0.332,0,0,0,-0.411,-0.332,-0.216,-0.332,-0.53,-0.332,0,0,0,0,0,0,0,0,-0.216,0
seq255,RRKKAAVALLKAVLLAALAP,-0.53,0,0,0,0,0,0,0,-0.411,-0.5,0,0,-0.216,0,-0.332,0,0,-0.332,0,0
seq256,RRKKAAVALLKAVLLALAAP,-0.53,0,0,0,0,0,0,0,-0.411,-0.5,0,0,-0.216,0,-0.332,0,0,-0.332,0,0
seq257,RRKKAVALLPAVLLALLAP,-0.507,0,0,0,0,0,0,0,-0.342,-0.525,0,0,-0.342,0,-0.342,0,0,-0.342,0,0
seq258,RRKKLLPAVLLALLAP,-0.453,0,0,0,0,0,0,0,-0.375,-0.531,0,0,-0.375,0,-0.375,0,0,-0.25,0,0
seq259,MKATILLAVVVAVIVGVQEAQSVACRSYYCSKFCGSAGCSLYGCYLLHPGKICYCLHCSRAESPLALSGSARNVNDKNNEMDNSPVMNEMENLDQEMDMF,-0.313,-0.292,-0.186,-0.244,-0.113,-0.244,-0.113,-0.152,-0.186,-0.313,-0.244,-0.269,-0.152,-0.152,-0.152,-0.332,-0.066,-0.313,0,-0.216
seq260,CGYRGLCRRFCHAQEYIVGHHGCPRRYRCC,-0.164,-0.464,0,-0.164,-0.164,-0.388,-0.332,-0.164,0,-0.164,0,0,-0.164,-0.164,-0.464,0,0,-0.164,0,-0.332
seq261,CDVIALLACHLNT,-0.415,-0.415,-0.285,0,0,0,-0.285,-0.285,0,-0.488,0,-0.285,0,0,0,0,-0.285,-0.285,0,0
seq262,CDVIALLCHLNTPSFNTTHYRESWY,-0.186,-0.292,-0.186,-0.186,-0.186,0,-0.292,-0.186,0,-0.367,0,-0.292,-0.186,0,-0.186,-0.292,-0.367,-0.186,-0.186,-0.292
seq263,DTRACDVIALLCHLNT,-0.375,-0.375,-0.375,0,0,0,-0.25,-0.25,0,-0.453,0,-0.25,0,0,-0.25,0,-0.375,-0.25,0,0
seq264,SCASRCKGHCRARRCGYYVSVLYRGRCYCKCLRC,-0.24,-0.491,0,0,0,-0.309,-0.15,0,-0.24,-0.24,0,0,0,0,-0.469,-0.309,0,-0.24,0,-0.363
seq265,ACYCRIPACIAGERRYGTCIYQGRLWAFCC,-0.388,-0.464,0,-0.164,-0.164,-0.332,0,-0.332,0,-0.164,0,0,-0.164,-0.164,-0.388,0,-0.164,0,-0.164,-0.332
seq266,ALWKTLLKKVLKAAAKAALNAVLVGANA,-0.526,0,0,0,0,-0.172,0,0,-0.444,-0.476,0,-0.272,0,0,0,0,-0.172,-0.345,-0.172,0
seq267,ARATCYCRTGRCATRESLSGVCEISGRLYRLCCR,-0.309,-0.442,0,-0.24,0,-0.309,0,-0.15,0,-0.309,0,0,0,0,-0.469,-0.309,-0.309,-0.15,0,-0.24
seq268,KPKQIKPPLPSV,0,0,0,0,0,0,0,-0.299,-0.5,-0.299,0,0,-0.528,-0.299,0,-0.299,0,-0.299,0,0
seq269,SVITIELSNIKENKCNGTDAKVKLIKQELDKYKNA,-0.236,-0.147,-0.236,-0.304,0,-0.147,0,-0.358,-0.464,-0.304,0,-0.358,0,-0.147,0,-0.236,-0.236,-0.236,0,-0.147
seq270,EGPTLGNWAREIWATLFGKA,-0.411,0,0,-0.332,-0.216,-0.411,0,-0.216,-0.216,-0.332,0,-0.216,-0.216,0,-0.216,0,-0.332,0,-0.332,0
seq271,TWLRAIWDWVCTALTDFK,-0.352,-0.232,-0.352,0,-0.232,0,0,-0.232,-0.232,-0.352,0,0,0,0,-0.232,0,-0.431,-0.232,-0.431,0
seq272,PPVYTKDVDISSQISSMNQSLQQSKDYIKEAQKILDTVNPSL,-0.128,0,-0.323,-0.128,0,0,0,-0.323,-0.323,-0.272,-0.128,-0.209,-0.272,-0.366,0,-0.431,-0.209,-0.272,0,-0.209
seq273,ANTAFVSSAHNTQKIPAGAPFNRNLRAMLADLRQNAAFAG,-0.5,0,-0.133,0,-0.28,-0.216,-0.133,-0.133,-0.133,-0.28,-0.133,-0.375,-0.216,-0.216,-0.28,-0.216,-0.216,-0.133,0,0
seq274,CGGNNLLRAIEAQQHLLQLTVWGIKQLQARILAVERYLKDQ,-0.328,-0.131,-0.131,-0.213,0,-0.276,-0.131,-0.276,-0.213,-0.46,0,-0.213,0,-0.406,-0.276,0,-0.131,-0.213,-0.131,-0.131
seq275,GGTIFDCGETCFLGTCYTPGCSCGNYGFCYGTN,0,-0.447,-0.153,-0.153,-0.314,-0.496,0,-0.153,0,-0.153,0,-0.245,-0.153,0,0,-0.153,-0.412,0,0,-0.314
seq276,GVCRCLCRRGVCRCICRR,0,-0.528,0,0,0,-0.352,0,-0.232,0,-0.232,0,0,0,0,-0.528,0,0,-0.352,0,0
seq277,WMEWDREIEELAKKAEELAKKAEELAKKAWASLWNWF,-0.454,0,-0.141,-0.478,-0.141,0,0,-0.141,-0.426,-0.347,-0.141,-0.141,0,0,-0.141,-0.141,0,0,-0.39,0
seq278,YALLIRMIYKNI,-0.299,0,0,0,0,0,0,-0.5,-0.299,-0.431,-0.299,-0.299,0,0,-0.299,0,0,0,0,-0.431
seq279,YQLLARMIYKNI,-0.299,0,0,0,0,0,0,-0.431,-0.299,-0.431,-0.299,-0.299,0,-0.299,-0.299,0,0,0,0,-0.431
seq280,YQLLIAMIYKNI,-0.299,0,0,0,0,0,0,-0.5,-0.299,-0.431,-0.299,-0.299,0,-0.299,0,0,0,0,0,-0.431
seq281,GLFGVLGSIAKHVLPHVVPVIAEKL,-0.292,0,0,-0.186,-0.186,-0.367,-0.292,-0.292,-0.292,-0.423,0,0,-0.292,0,0,-0.186,0,-0.464,0,0
seq282,DWHLGQGVSIEWRKK,0,0,-0.26,-0.26,0,-0.388,-0.26,-0.26,-0.388,-0.26,0,0,0,-0.26,-0.26,-0.26,0,-0.26,-0.388,0
seq283,FLFPLITSFLSKVL,0,0,0,0,-0.476,0,0,-0.272,-0.272,-0.516,0,0,-0.272,0,0,-0.401,-0.272,-0.272,0,0
seq284,GLFDIIKKIAESW,-0.285,0,-0.285,-0.285,-0.285,-0.285,0,-0.488,-0.415,-0.285,0,0,0,0,0,-0.285,0,0,-0.285,0
seq285,GWLKKIESIIDAF,-0.285,0,-0.285,-0.285,-0.285,-0.285,0,-0.488,-0.415,-0.285,0,0,0,0,0,-0.285,0,0,-0.285,0
seq286,HVDKKVADKVLLLKQLRIMRLLTRL,-0.186,0,-0.292,0,0,0,-0.186,-0.186,-0.423,-0.514,-0.186,0,0,-0.186,-0.367,0,-0.186,-0.367,0,0
seq287,ELNKAKSDLEESKEWIRRSNQKLDSIGNWHQSSTT,-0.147,0,-0.236,-0.358,0,-0.147,-0.147,-0.236,-0.358,-0.304,0,-0.304,0,-0.236,-0.236,-0.436,-0.236,0,-0.236,0
seq288,RGGKIAGKIAKIAGKIAKIAGKIA,-0.5,0,0,0,0,-0.471,0,-0.5,-0.5,0,0,0,0,0,-0.191,0,0,0,0,0
seq289,CGECGGGHIVGRFCMVVRFLRLVFI,0,-0.367,0,-0.186,-0.367,-0.464,-0.186,-0.292,0,-0.292,-0.186,0,0,0,-0.367,0,0,-0.423,0,0
seq290,CRCCELKSLCPTLMRVVRLLGLVLL,0,-0.423,0,-0.186,0,-0.186,0,0,-0.186,-0.526,-0.186,0,-0.186,0,-0.367,-0.186,-0.186,-0.367,0,0
seq291,ANVVATYPAHS,-0.511,0,0,0,0,0,-0.314,0,0,0,0,-0.314,-0.314,0,0,-0.314,-0.314,-0.447,0,-0.314
seq292,CLRKLRKRLLRC,0,-0.431,0,0,0,0,0,0,-0.431,-0.528,0,0,0,0,-0.528,0,0,0,0,0
seq293,SKHSSLDCVLRP,0,-0.299,-0.299,0,0,0,-0.299,0,-0.299,-0.431,0,0,-0.299,0,-0.299,-0.5,0,-0.299,0,0
seq294,MHRSLLGRMKGA,-0.299,0,0,0,0,-0.431,-0.299,0,-0.299,-0.431,-0.431,0,0,0,-0.431,-0.299,0,0,0,0
seq295,KKKKYRNIRRPG,0,0,0,0,0,-0.299,0,-0.299,-0.528,0,0,-0.299,-0.299,0,-0.5,0,0,0,0,-0.299
seq296,HRILMRIRAMMT,-0.299,0,0,0,0,0,-0.299,-0.431,0,-0.299,-0.5,0,0,0,-0.5,0,-0.299,0,0,0
seq297,HRALMRIRQMMT,-0.299,0,0,0,0,0,-0.299,-0.299,0,-0.299,-0.5,0,0,-0.299,-0.5,0,-0.299,0,0,0
seq298,HRIAMRIRQMMT,-0.299,0,0,0,0,0,-0.299,-0.431,0,0,-0.5,0,0,-0.299,-0.5,0,-0.299,0,0,0
seq299,ARILMRIRQMMT,-0.299,0,0,0,0,0,0,-0.431,0,-0.299,-0.5,0,0,-0.299,-0.5,0,-0.299,0,0,0
seq300,HRILMRIRQAMT,-0.299,0,0,0,0,0,-0.299,-0.431,0,-0.299,-0.431,0,0,-0.299,-0.5,0,-0.299,0,0,0
seq301,HRILMRIAQMMT,-0.299,0,0,0,0,0,-0.299,-0.431,0,-0.299,-0.5,0,0,-0.299,-0.431,0,-0.299,0,0,0
seq302,HRILMRIRQMMA,-0.299,0,0,0,0,0,-0.299,-0.431,0,-0.299,-0.5,0,0,-0.299,-0.5,0,0,0,0,0
seq303,HRILMRIRQMAT,-0.299,0,0,0,0,0,-0.299,-0.431,0,-0.299,-0.431,0,0,-0.299,-0.5,0,-0.299,0,0,0
seq304,HRILMRARQMMT,-0.299,0,0,0,0,0,-0.299,-0.299,0,-0.299,-0.5,0,0,-0.299,-0.5,0,-0.299,0,0,0
seq305,WLVFFVIAYFAR,-0.431,0,0,0,-0.5,0,0,-0.299,0,-0.299,0,0,0,0,-0.299,0,0,-0.431,-0.299,-0.299
seq306,HVTTTFAPPPPR,-0.299,0,0,0,-0.299,0,-0.299,0,0,0,0,0,-0.528,0,-0.299,0,-0.5,-0.299,0,0
seq307,SVVPSKATWGFA,-0.431,0,0,0,-0.299,-0.299,0,0,-0.299,0,0,0,-0.299,0,0,-0.431,-0.299,-0.431,-0.299,0
seq308,FKPSSPPSITLW,0,0,0,0,-0.299,0,0,-0.299,-0.299,-0.299,0,0,-0.5,0,0,-0.5,-0.299,0,-0.299,0
seq309,ATHTICDRNHTW,-0.299,-0.299,-0.299,0,0,0,-0.431,-0.299,0,0,0,-0.299,0,0,-0.299,0,-0.5,0,-0.299,0
seq310,ACFPWGNTWCGGK,-0.285,-0.415,0,0,-0.285,-0.488,0,0,-0.285,0,0,-0.285,-0.285,0,0,0,-0.285,0,-0.415,0
seq311,ACFPWGKEYCGGK,-0.285,-0.415,0,-0.285,-0.285,-0.488,0,0,-0.415,0,0,0,-0.285,0,0,0,0,0,-0.285,-0.285
seq312,ACFPWGNQWCGGK,-0.285,-0.415,0,0,-0.285,-0.488,0,0,-0.285,0,0,-0.285,-0.285,-0.285,0,0,0,0,-0.415,0
seq313,IFKAIWSGIKSLF,-0.285,0,0,0,-0.415,-0.285,0,-0.488,-0.415,-0.285,0,0,0,0,0,-0.415,0,0,-0.285,0
seq314,YRWRGPTAAFLSLV,-0.401,0,0,0,-0.272,-0.272,0,0,0,-0.401,0,0,-0.272,0,-0.401,-0.272,-0.272,-0.272,-0.272,-0.272
seq315,RRGRIGRNPSQVGD,0,0,-0.272,0,0,-0.476,0,-0.272,0,0,0,-0.272,-0.272,-0.272,-0.516,-0.272,0,-0.272,0,0
seq316,RRGRVGRNPNQVGD,0,0,-0.272,0,0,-0.476,0,0,0,0,0,-0.401,-0.272,-0.272,-0.516,0,0,-0.401,0,0
seq317,ECRSTSYAGAVVNDL,-0.388,-0.26,-0.26,-0.26,0,-0.26,0,0,0,-0.26,0,-0.26,0,0,-0.26,-0.388,-0.26,-0.388,0,-0.26
seq318,RGILIHNTIFGEQVF,0,0,0,-0.26,-0.388,-0.388,-0.26,-0.464,0,-0.26,0,-0.26,0,-0.26,-0.26,0,-0.26,-0.26,0,0
seq319,SSSTSTQVQILSNAL,-0.26,0,0,0,0,0,0,-0.26,0,-0.388,0,-0.26,0,-0.388,0,-0.528,-0.388,-0.26,0,0
seq320,RRLQVGGGTLKFFLT,0,0,0,0,-0.388,-0.464,0,0,-0.26,-0.464,0,0,0,-0.26,-0.388,0,-0.388,-0.26,0,0
seq321,GWWYKGRARPVSAVA,-0.464,0,0,0,0,-0.388,0,0,-0.26,0,0,0,-0.26,0,-0.388,-0.26,0,-0.388,-0.388,-0.26
seq322,RAVWRHSVATPSHSV,-0.388,0,0,0,0,0,-0.388,0,0,0,0,0,-0.26,0,-0.388,-0.464,-0.26,-0.464,-0.26,0
seq323,AVASVPRARGKYWWG,-0.464,0,0,0,0,-0.388,0,0,-0.26,0,0,0,-0.26,0,-0.388,-0.26,0,-0.388,-0.388,-0.26
seq324,DFRRLPGAFWQLRQP,-0.26,0,-0.26,0,-0.388,-0.26,0,0,0,-0.388,0,0,-0.388,-0.388,-0.464,0,0,0,-0.26,0
seq325,AETVESCLAKPHTEN,-0.388,-0.26,0,-0.464,0,0,-0.26,0,-0.26,-0.26,0,-0.26,-0.26,0,0,-0.26,-0.388,-0.26,0,0
seq326,ADGSLLGRMKGAAG,-0.476,0,-0.272,0,0,-0.516,0,0,-0.272,-0.401,-0.272,0,0,0,-0.272,-0.272,0,0,0,0
seq327,PRPISYLKGSSGGPL,0,0,0,0,0,-0.464,0,-0.26,-0.26,-0.388,0,0,-0.464,0,-0.26,-0.464,0,0,0,-0.26
seq328,GQPEEGAPCQVVLQGA,-0.375,-0.25,0,-0.375,0,-0.453,0,0,0,-0.25,0,0,-0.375,-0.453,0,0,0,-0.375,0,0
seq329,VRLGSISVIGIVRGKK,0,0,0,0,0,-0.453,0,-0.453,-0.375,-0.25,0,0,0,0,-0.375,-0.375,0,-0.453,0,0
seq330,GSRVQIRCRFRNSTR,0,-0.26,0,0,-0.26,-0.26,0,-0.26,0,0,0,-0.26,0,-0.26,-0.528,-0.388,-0.26,-0.26,0,0
seq331,WLVFFVIFYFFRRRKK,0,0,0,0,-0.524,0,0,-0.25,-0.375,-0.25,0,0,0,0,-0.453,0,0,-0.375,-0.25,-0.25
seq332,RRKKWLVFFVIFYFFR,0,0,0,0,-0.524,0,0,-0.25,-0.375,-0.25,0,0,0,0,-0.453,0,0,-0.375,-0.25,-0.25
seq333,RGGSVVIVGRIILSGRK,0,0,0,0,0,-0.491,0,-0.442,-0.24,-0.24,0,0,0,0,-0.442,-0.363,0,-0.442,0,0
seq334,FKLRAKIKVRLRAKIKL,-0.363,0,0,0,-0.24,0,0,-0.363,-0.519,-0.442,0,0,0,0,-0.442,0,0,-0.24,0,0
seq335,RTQRRGRTGRGKPGIYR,0,0,0,0,0,-0.491,0,-0.24,-0.24,0,0,0,-0.24,-0.24,-0.53,0,-0.363,0,0,-0.24
seq336,STQRRGRTGRGRRGIYR,0,0,0,0,0,-0.491,0,-0.24,0,0,0,0,0,-0.24,-0.527,-0.24,-0.363,0,0,-0.24
seq337,LFGLIPSLIGGLVSAFK,-0.24,0,0,0,-0.363,-0.442,0,-0.363,-0.24,-0.491,0,0,-0.24,0,0,-0.363,0,-0.24,0,0
seq338,AALEAKICHQIEYYFGDF,-0.431,-0.232,-0.232,-0.352,-0.352,-0.232,-0.232,-0.352,-0.232,-0.232,0,0,0,-0.232,0,0,0,0,0,-0.352
seq339,SWRLDIWDWICESVLDFK,0,-0.232,-0.431,-0.232,-0.232,0,0,-0.352,-0.232,-0.352,0,0,0,0,-0.232,-0.352,0,-0.232,-0.431,0
seq340,DWLKAFYDKVAEKLKEAF,-0.431,0,-0.352,-0.352,-0.352,0,0,0,-0.482,-0.352,0,0,0,0,0,0,0,-0.232,-0.232,-0.232
seq341,FILAFLGWIGAIVSTALP,-0.431,0,0,0,-0.352,-0.352,0,-0.431,0,-0.431,0,0,-0.232,0,0,-0.232,-0.232,-0.232,-0.232,0
seq342,AFLGWIGAIVSTALPQWR,-0.431,0,0,0,-0.232,-0.352,0,-0.352,0,-0.352,0,0,-0.232,-0.232,-0.232,-0.232,-0.232,-0.232,-0.352,0
seq343,GWIGAIVSTALPQWRIYS,-0.352,0,0,0,0,-0.352,0,-0.431,0,-0.232,0,0,-0.232,-0.232,-0.232,-0.352,-0.232,-0.232,-0.352,-0.232
seq344,GAIVSTALPQWRIYSYAG,-0.431,0,0,0,0,-0.352,0,-0.352,0,-0.232,0,0,-0.232,-0.232,-0.232,-0.352,-0.232,-0.232,-0.232,-0.352
seq345,VSTALPQWRIYSYAGDNI,-0.352,0,-0.232,0,0,-0.232,0,-0.352,0,-0.232,0,-0.232,-0.232,-0.232,-0.232,-0.352,-0.232,-0.232,-0.232,-0.352
seq346,ALPQWRIYSYAGDNIVTA,-0.431,0,-0.232,0,0,-0.232,0,-0.352,0,-0.232,0,-0.232,-0.232,-0.232,-0.232,-0.232,-0.232,-0.232,-0.232,-0.352
seq347,AGALMFAWLLLGLQGIFN,-0.431,0,0,0,-0.352,-0.431,0,-0.232,0,-0.513,-0.232,-0.232,0,-0.232,0,0,0,0,-0.232,0
seq348,MASAGMQILGVVLTLLGW,-0.352,0,0,0,0,-0.431,0,-0.232,0,-0.482,-0.352,0,0,-0.232,0,-0.232,-0.232,-0.352,-0.232,0
seq349,MANSGLQLLGFSMALLGW,-0.352,0,0,0,-0.232,-0.431,0,0,0,-0.513,-0.352,-0.232,0,-0.232,0,-0.352,0,0,-0.232,0
seq350,MASTGLELLGMTLAVLGW,-0.352,0,0,-0.232,0,-0.431,0,0,0,-0.513,-0.352,0,0,0,0,-0.232,-0.352,-0.232,-0.232,0
seq351,AGDDQGLDKCVPNSKEK,-0.24,-0.24,-0.442,-0.24,0,-0.363,0,0,-0.442,-0.24,0,-0.24,-0.24,-0.24,0,-0.24,0,-0.24,0,0
seq352,IPESSELTLQELLGEERR,0,0,0,-0.513,0,-0.232,0,-0.232,0,-0.482,0,0,-0.232,-0.232,-0.352,-0.352,-0.232,0,0,0
seq353,TLKPIFKLPLGINITNFR,0,0,0,0,-0.352,-0.232,0,-0.431,-0.352,-0.431,0,-0.352,-0.352,0,-0.232,0,-0.352,0,0,0
seq354,PPATHTIADRNHTPFSDV,-0.352,0,-0.352,0,-0.232,0,-0.352,-0.232,0,0,0,-0.232,-0.431,0,-0.232,-0.232,-0.431,-0.232,0,0
seq355,RQMRAWGQDYQHGGMGYSC,-0.224,-0.224,-0.224,0,0,-0.473,-0.224,0,0,0,-0.342,0,0,-0.42,-0.342,-0.224,0,0,-0.224,-0.342
seq356,TDVILMCFSIDSPDSLENI,0,-0.224,-0.42,-0.224,-0.224,0,0,-0.42,0,-0.342,-0.224,-0.224,-0.224,0,0,-0.42,-0.224,-0.224,0,0
seq357,CSIELSDIPLSVDFNTMID,0,-0.224,-0.42,-0.224,-0.224,0,0,-0.42,0,-0.342,-0.224,-0.224,-0.224,0,0,-0.42,-0.224,-0.224,0,0
seq358,FWFTLIKTQAKQPARYRRFC,-0.332,-0.216,0,0,-0.411,0,0,-0.216,-0.332,-0.216,0,0,-0.216,-0.332,-0.411,0,-0.332,0,-0.216,-0.216
seq359,ALDKLEESNSKLDKVNVKLT,-0.216,0,-0.332,-0.332,0,0,0,0,-0.464,-0.464,0,-0.332,0,0,0,-0.332,-0.216,-0.332,0,0
seq360,ALDKAEESNSKADKVNVKLT,-0.411,0,-0.332,-0.332,0,0,0,0,-0.464,-0.332,0,-0.332,0,0,0,-0.332,-0.216,-0.332,0,0
seq361,FKVKAKVKAKVKAKVKAKKKK,-0.456,0,0,0,-0.209,0,0,0,-0.461,0,0,0,0,0,0,0,0,-0.456,0,0
seq362,PLSPPLRNTHPQAMQWNSTTF,-0.209,0,0,0,-0.209,0,-0.209,0,0,-0.323,-0.209,-0.323,-0.456,-0.323,-0.209,-0.323,-0.401,0,-0.209,0
seq363,VLDLIYSLHKQINRGLKKIVL,0,0,-0.209,0,0,-0.209,-0.209,-0.401,-0.401,-0.493,0,-0.209,0,-0.209,-0.209,-0.209,0,-0.323,0,-0.209
seq364,QLQKWEDWVRWIGNIPQYLKG,0,0,-0.209,-0.209,0,-0.323,0,-0.323,-0.323,-0.323,0,-0.209,-0.209,-0.401,-0.209,0,0,-0.209,-0.401,-0.209
seq365,KAAKKAAKAAKKAAKWAKKAA,-0.489,0,0,0,0,0,0,0,-0.524,0,0,0,0,0,0,0,0,0,-0.209,0
seq366,AKKAAKKAKKAAKKAKKAAKK,-0.524,0,0,0,0,0,0,0,-0.461,0,0,0,0,0,0,0,0,0,0,0
seq367,ARRAWRRARRAARRARRAARR,-0.53,0,0,0,0,0,0,0,0,0,0,0,0,0,-0.461,0,0,0,-0.209,0
seq368,ARRAKRRARRAKRRARRKKRR,-0.493,0,0,0,0,0,0,0,-0.456,0,0,0,0,0,-0.461,0,0,0,0,0
seq369,FLDSKAELEKARKILSEVGRWY,-0.314,0,-0.203,-0.392,-0.203,-0.203,0,-0.203,-0.392,-0.392,0,0,0,0,-0.314,-0.314,0,-0.203,-0.203,-0.203
seq370,FAKKFAKKFKKFAKKFAKFAFAF,-0.506,0,0,0,-0.53,0,0,0,-0.53,0,0,0,0,0,0,0,0,0,0,0
seq371,FLFAFRIFKRVFKKFRKLFKRAF,-0.306,0,0,0,-0.53,0,0,-0.197,-0.479,-0.306,0,0,0,0,-0.439,0,0,-0.197,0,0
seq372,FALALKALKKALKKLKKALKKAL,-0.506,0,0,0,-0.197,0,0,0,-0.53,-0.522,0,0,0,0,0,0,0,0,0,0
seq373,FAIAIKAIKKAIKKIKKAIKKAI,-0.506,0,0,0,-0.197,0,0,-0.522,-0.53,0,0,0,0,0,0,0,0,0,0,0
seq374,QLESLTDRELLLLIARKTCGSVE,-0.197,-0.197,-0.197,-0.383,0,-0.197,0,-0.197,-0.197,-0.506,0,0,0,-0.197,-0.306,-0.306,-0.306,-0.197,0,0
seq375,LLDCWVRLGRYLLRRLKTPFTRL,0,-0.197,-0.197,0,-0.197,-0.197,0,0,-0.197,-0.522,0,0,-0.197,0,-0.479,0,-0.306,-0.197,-0.197,-0.197
seq376,MANAGLQLLGFILAFLGWIGAIVS,-0.431,0,0,0,-0.299,-0.431,0,-0.375,0,-0.471,-0.191,-0.191,0,-0.191,0,-0.191,0,-0.191,-0.191,0
seq377,SISNALNKLEESNRNLDKVNVKLT,-0.191,0,-0.191,-0.299,0,0,0,-0.191,-0.375,-0.431,0,-0.471,0,0,-0.191,-0.375,-0.191,-0.299,0,0
seq378,NILRLKESITATIEAVHEVTDGLS,-0.299,0,-0.191,-0.375,0,-0.191,-0.191,-0.375,-0.191,-0.375,0,-0.191,0,0,-0.191,-0.299,-0.375,-0.299,0,0
seq379,FRFKIKFRLKFRFKARFKFRAKFRA,-0.367,0,0,0,-0.526,0,0,-0.186,-0.494,-0.186,0,0,0,0,-0.494,0,0,0,0,0
seq380,PTSNHSPTSCPPTCPGYRWMCLRRF,0,-0.367,0,0,-0.186,-0.186,-0.186,0,0,-0.186,-0.186,-0.186,-0.464,0,-0.367,-0.367,-0.367,0,-0.186,-0.186
seq381,SDHSESIQKKFQLMKEHVNKIGVDS,0,0,-0.292,-0.292,-0.186,-0.186,-0.292,-0.292,-0.423,-0.186,-0.186,-0.186,0,-0.292,0,-0.423,0,-0.292,0,0
seq382,FAVGLRAIKRALKKLRRGVRKVAKDL,-0.415,0,-0.181,0,-0.181,-0.285,0,-0.181,-0.457,-0.415,0,0,0,0,-0.457,0,0,-0.359,0,0
seq383,ALQELLGEYIQWLKDGGPSSGRPPPS,-0.181,0,-0.181,-0.285,0,-0.415,0,-0.181,-0.181,-0.415,0,0,-0.415,-0.285,-0.181,-0.359,0,0,-0.181,-0.181
seq384,CTEEHIVATELVIQEMYIKINVKNSP,-0.181,-0.181,0,-0.415,0,0,-0.181,-0.415,-0.285,-0.181,-0.181,-0.285,-0.181,-0.181,0,-0.181,-0.285,-0.359,0,-0.181
seq385,FKCRRWQWRMKKLGAPSITCVRRAFA,-0.359,-0.285,0,0,-0.285,-0.181,0,-0.181,-0.359,-0.181,-0.181,0,-0.181,-0.181,-0.457,-0.181,-0.181,-0.181,-0.285,0
seq386,FLAAARIAKRVAKKARKLAKRAARKRK,-0.528,0,0,0,-0.176,0,0,-0.176,-0.505,-0.278,0,0,0,0,-0.482,0,0,-0.176,0,0
seq387,KKKKFVKKVAKKVKKVAKKVAKVAVAV,-0.451,0,0,0,-0.176,0,0,0,-0.508,0,0,0,0,0,0,0,0,-0.52,0,0
seq388,KRKRFAKKFLRFLRKVIRFLKRFIRRF,-0.176,0,0,0,-0.482,0,0,-0.278,-0.482,-0.352,0,0,0,0,-0.52,0,0,-0.176,0,0
seq389,HMNASDMEIKSYINMIESVEESSNYDF,-0.176,0,-0.278,-0.408,-0.176,0,-0.176,-0.352,-0.176,0,-0.352,-0.352,0,0,0,-0.451,0,-0.176,0,-0.278
seq390,RWMVWRHWFHRLRLPYNPGKNKQNQQWP,0,0,0,0,-0.172,-0.172,-0.272,0,-0.272,-0.272,-0.172,-0.345,-0.345,-0.345,-0.401,0,0,-0.172,-0.401,-0.172
seq391,RRRRRRRRHPAEPGSTVTTQNTASQTMS,-0.272,0,0,-0.172,0,-0.172,-0.172,0,0,0,-0.172,-0.172,-0.272,-0.272,-0.516,-0.345,-0.444,-0.172,0,0
seq392,RIILGQCIKREAEAAIEQIFRTKYNDSH,-0.345,-0.172,-0.172,-0.345,-0.172,-0.172,-0.172,-0.444,-0.272,-0.172,0,-0.172,0,-0.272,-0.345,-0.172,-0.172,0,0,-0.172
seq393,CCFLRIQNDSIIRLGDLQPLSQRVSTDWQ,0,-0.266,-0.339,0,-0.168,-0.168,0,-0.339,0,-0.394,0,-0.168,-0.168,-0.394,-0.339,-0.339,-0.168,-0.168,-0.168,0
seq394,FGGASCCLYCRCHIDHPNPKGFCDLKGKY,-0.168,-0.437,-0.266,0,-0.266,-0.394,-0.266,-0.168,-0.339,-0.266,0,-0.168,-0.266,0,-0.168,-0.168,0,0,0,-0.266
seq395,AWDFGSLGGVFTSIGKALHQVFGAIYGAA,-0.437,0,-0.168,0,-0.339,-0.47,-0.168,-0.266,-0.168,-0.266,0,0,0,-0.168,0,-0.266,-0.168,-0.266,-0.168,-0.168
seq396,AWDFGSVGGVLNSLGKMVHQIFGSAYTAL,-0.339,0,-0.168,0,-0.266,-0.437,-0.168,-0.168,-0.168,-0.339,-0.168,-0.168,0,-0.168,0,-0.339,-0.168,-0.339,-0.168,-0.168
seq397,AWDFGSIGGVFTSVGKLVHQVFGTAYGVL,-0.266,0,-0.168,0,-0.339,-0.47,-0.168,-0.168,-0.168,-0.266,0,0,0,-0.168,0,-0.266,-0.266,-0.437,-0.168,-0.168
seq398,AWDFGSVGGLFTSLGKAVHQVFGSVYTIM,-0.266,0,-0.168,0,-0.339,-0.437,-0.168,-0.168,-0.168,-0.266,-0.168,0,0,-0.168,0,-0.339,-0.266,-0.394,-0.168,-0.168
seq399,CRFPNITNSHVPILQERPPLENRVLTGWGL,0,-0.164,0,-0.26,-0.164,-0.26,-0.164,-0.26,0,-0.388,0,-0.332,-0.388,-0.164,-0.332,-0.164,-0.26,-0.26,-0.164,0
seq400,CCFLNITNSHVSILQERPPLENRVLTGWGL,0,-0.26,0,-0.26,-0.164,-0.26,-0.164,-0.26,0,-0.431,0,-0.332,-0.26,-0.164,-0.26,-0.26,-0.26,-0.26,-0.164,0
seq401,GAKKGAKKGKKGAKKGAKGAGAKGAGAFKKKK,-0.5,0,0,0,-0.156,-0.515,0,0,-0.522,0,0,0,0,0,0,0,0,0,0,0
seq402,VVTTRLFMSLVASVRNAFQSGYISFDEIIKTE,-0.25,0,-0.156,-0.25,-0.32,-0.156,0,-0.32,-0.156,-0.25,-0.156,-0.156,0,-0.156,-0.25,-0.375,-0.32,-0.375,0,-0.156
seq403,SMEKLAGFGAVGAGATAEETRRMLHRAFDTLA,-0.48,0,-0.156,-0.32,-0.25,-0.375,-0.156,0,-0.156,-0.32,-0.25,0,0,0,-0.32,-0.156,-0.32,-0.156,0,0
seq404,CEEIRARLSTHLRKMRKRLMRDADDLQKRLAVY,-0.314,-0.153,-0.314,-0.245,0,0,-0.153,-0.153,-0.314,-0.412,-0.245,0,0,-0.153,-0.475,-0.153,-0.153,-0.153,0,-0.153
seq405,MAILGDTAWDFGSLGGVFTSIGKALHQVFGAIY,-0.369,0,-0.245,0,-0.314,-0.447,-0.153,-0.314,-0.153,-0.314,-0.153,0,0,-0.153,0,-0.245,-0.245,-0.245,-0.153,-0.153
seq406,YKFACPECPKRFMRSDHLSKHITLHELLGEERR,-0.153,-0.245,-0.153,-0.369,-0.245,-0.153,-0.314,-0.153,-0.314,-0.369,-0.153,0,-0.245,0,-0.369,-0.245,-0.153,0,0,-0.153
seq407,ALNCYWPLNDYGFYTTTGIGYQPYRVVVLSFEL,-0.153,-0.153,-0.153,-0.153,-0.245,-0.314,0,-0.153,0,-0.369,0,-0.245,-0.245,-0.153,-0.153,-0.153,-0.314,-0.314,-0.153,-0.412
seq408,DLSNQINSINKSLKSAEDWIADSNFFANQARTAK,-0.407,0,-0.309,-0.15,-0.24,0,0,-0.309,-0.309,-0.24,0,-0.407,0,-0.24,-0.15,-0.407,-0.15,0,-0.15,0
seq409,NADIIKSLIRKTIINASKNTASLSILQHLYVLRS,-0.309,0,-0.15,0,0,0,-0.15,-0.442,-0.309,-0.407,0,-0.309,0,-0.15,-0.24,-0.407,-0.24,-0.15,0,-0.15
seq410,FAVAVKAVAVKAVAVKAVKKAVKKVKKAVKKAVKKKK,-0.51,0,0,0,-0.141,0,0,0,-0.528,0,0,0,0,0,0,0,0,-0.52,0,0
seq411,KRKRAVKRVGRRLKKLARKIARLGVAKLAGLRAVKLF,-0.426,0,0,0,-0.141,-0.294,0,-0.141,-0.478,-0.426,0,0,0,0,-0.478,0,0,-0.347,0,0
seq412,GICRCICGRGICRCICGRIGGRVPGVGVPGVGHHHHHH,0,-0.42,0,0,0,-0.507,-0.42,-0.385,0,0,0,0,-0.224,0,-0.385,0,0,-0.342,0,0
seq413,DLSLDFEKLNVTLLDLTYEMNRIQDAIKKLNESYINLKE,-0.136,0,-0.337,-0.337,-0.136,0,0,-0.285,-0.337,-0.469,-0.136,-0.337,0,-0.136,-0.136,-0.22,-0.22,-0.136,0,-0.22
seq414,VRLASHLRKLRKRLLRDADDLIRLQAEAFQARLKSWFEPLV,-0.37,0,-0.276,-0.213,-0.213,0,-0.131,-0.131,-0.276,-0.48,0,0,-0.131,-0.213,-0.435,-0.213,0,-0.213,-0.131,0
seq415,NFYDPLVFPSDEFDASISQVNEKINQSLASIRKSDELLHNVNAGK,-0.26,0,-0.31,-0.26,-0.26,-0.122,-0.122,-0.26,-0.26,-0.31,0,-0.352,-0.2,-0.2,-0.122,-0.388,0,-0.26,0,-0.122
seq416,QKQIANQFNKAISQIQESLTTTSTALGKLQDVVNQNAQALNTLVKQ,-0.348,0,-0.12,-0.12,-0.12,-0.12,0,-0.257,-0.306,-0.348,0,-0.348,0,-0.46,0,-0.257,-0.348,-0.257,0,0
seq417,QNQSANQFQKEISQINEVLTTTNTSLGKLQDDVNQNNQSLNTLQKE,-0.12,0,-0.197,-0.257,-0.12,-0.12,0,-0.197,-0.257,-0.348,0,-0.439,0,-0.46,0,-0.306,-0.348,-0.197,0,0
seq418,NQNAQALNTLVKQLSSNFGAISSVLNDILSRLDKVEAEVQIDRLIT,-0.306,0,-0.257,-0.197,-0.12,-0.12,0,-0.306,-0.197,-0.413,0,-0.348,0,-0.306,-0.197,-0.348,-0.197,-0.306,0,0
seq419,GRRRRSVQWCAVSQPEATKCFQWQRNMRKVRGPPVSCIKRDSPIQCIQA,-0.247,-0.295,-0.115,-0.115,-0.115,-0.188,0,-0.247,-0.247,0,-0.115,-0.115,-0.295,-0.371,-0.427,-0.295,-0.115,-0.295,-0.188,0
seq420,KQRQNKPPSKPNNDFHFEVFNFVPCSICSNNPTCWAICKRIPNKKPGKK,-0.115,-0.295,-0.115,-0.115,-0.295,-0.115,-0.115,-0.247,-0.427,0,0,-0.401,-0.401,-0.188,-0.188,-0.247,-0.115,-0.188,-0.115,0
seq421,AVSKVLHLEGEVNKISALLSTNKAVVSLSNGVSVLTSKVLDLDNYIDKQLLPIVNK,-0.226,0,-0.226,-0.172,0,-0.172,-0.104,-0.226,-0.345,-0.444,0,-0.311,-0.104,-0.104,0,-0.375,-0.172,-0.424,0,-0.104
seq422,PKEELDKYFKNHTSPDVDLGDISGINASVVNIQKEIDRLNEVAKNLNESLIDLQELGKYE,-0.164,0,-0.332,-0.362,-0.098,-0.216,-0.098,-0.299,-0.332,-0.362,0,-0.332,-0.164,-0.164,-0.098,-0.26,-0.098,-0.26,0,-0.164
seq423,EELRVRLASHLRKLRKRLLRDADDLQKRLAVYEEQAQQIRLQAEAFQARLKSWFEPLVEDM,-0.358,0,-0.258,-0.358,-0.162,0,-0.097,-0.097,-0.258,-0.446,-0.097,0,-0.097,-0.329,-0.407,-0.162,0,-0.214,-0.097,-0.097