Id,Sequence,Family,Inhibition/IC50,Unit
AVP0001,PYVGSGLYRR,Retroviridae,50,μM
AVP0002,SMIENLEYM,Arenaviridae,50,μM
AVP0003,ECRSTSYAGAVVNDL,Herpesviridae,42,μM
AVP0004,STSYAGAVVNDL,Herpesviridae,29,μM
AVP0005,YAGAVVNDL,Herpesviridae,60,μM
AVP0006,AGAVVNDL,Herpesviridae,283,μM
AVP0007,GAVVNDL,Herpesviridae,225,μM
AVP0008,AVVNDL,Herpesviridae,190,μM
AVP0009,VVNDL,Herpesviridae,760,μM
AVP0010,YAVVNDL,Herpesviridae,340,μM
AVP0011,YGAVVNDL,Herpesviridae,330,μM
AVP0012,AAGAVVNDL,Herpesviridae,280,μM
AVP0013,YAGAVANDL,Herpesviridae,760,μM
AVP0014,ALLGRMKG,Hepadnaviridae,10,μM
AVP0015,LDPAFR,Hepadnaviridae,360,μM
AVP0016,GQPEEGAPCQVVLQGA,Herpesviridae,3.5,μM
AVP0017,RGILIHNTIFGEQVF,Herpesviridae,7.5,μM
AVP0018,YRWRGPTAAFLSLV,Herpesviridae,9,μM
AVP0019,SSSTSTQVQILSNAL,Herpesviridae,0.8,μM
AVP0020,RRLQVGGGTLKFFLT,Herpesviridae,12,μM
AVP0021,FLDSKAELEKARKILSEVGRWY,Paramyxoviridae,1,μM
AVP0022,PPLVVPVEESEIIFWDCWAPEE,Retroviridae,0,%
AVP0023,IFWDCWAPEEPACQDFLGAMIH,Retroviridae,0,%
AVP0024,PACQDFLGAMIHLKAKTNISIR,Retroviridae,28,%
AVP0025,LKAKTNISIREGPTLGNWAR,Retroviridae,24,%
AVP0026,EGPTLGNWAREIWATLFKKA,Retroviridae,100,%
AVP0027,EIWATLFKKATRQCRRGRIW,Retroviridae,100,%
AVP0028,TRQCRRGRIWKRWNETITGP,Retroviridae,94,%
AVP0029,KRWNETITGPSGCANNTCYN,Retroviridae,0,%
AVP0030,SGCANNTCYNVSVIVPDYQC,Retroviridae,24,%
AVP0031,VSVIVPDYQCYLDRVDTWLQ,Retroviridae,0,%
AVP0032,YLDRVDTWLQGKINISLCLT,Retroviridae,9,%
AVP0033,GKINISLCLTGGKMLYNKVT,Retroviridae,10,%
AVP0034,GGKMLYNKVTKQLSYCTDPL,Retroviridae,5,%
AVP0035,KQLSYCTDPLQIPLINYTFG,Retroviridae,15,%
AVP0036,QIPLINYTFGPNQTCMWNTS,Retroviridae,0,%
AVP0037,PNQTCMWNTSQIQDPEIPKC,Retroviridae,5,%
AVP0038,QIQDPEIPKCGWWNQMAYYN,Retroviridae,2,%
AVP0039,GWWNQMAYYNSCKWEEAKVK,Retroviridae,0,%
AVP0040,CKWEEAKVKFHCQRTQSQPGSW,Retroviridae,0,%
AVP0041,FHCQRTQSQPGSWFRAISSWKQ,Retroviridae,4,%
AVP0042,GSWFRAISSWKQRNRWEWRPDF,Retroviridae,6,%
AVP0043,KQRNRWEWRPDFKSKKVKISLPC,Retroviridae,6,%
AVP0044,KSKKVKISLPCNSTKNLTFA,Retroviridae,10,%
AVP0045,CNSTKNLTFAMRSSGDYGEV,Retroviridae,25,%
AVP0046,MRSSGDYGEVTGAWIEFGCH,Retroviridae,27,%
AVP0047,TGAWIEFGCHRNKSNLHTEA,Retroviridae,5,%
AVP0048,RNKSNLHTEARFRIRCRWNV,Retroviridae,2,%
AVP0049,RFRIRCRWNVGSDTSLIDTC,Retroviridae,40,%
AVP0050,GSDTSLIDTCGNTPNVSGAN,Retroviridae,12,%
AVP0051,GNTPNVSGANPVDCTMYSNK,Retroviridae,0,%
AVP0052,PVDCTMYSNKMYNCSLQNGF,Retroviridae,8,%
AVP0053,MYNCSLQNGFTMKVDDLIVH,Retroviridae,33,%
AVP0054,TMKVDDLIVHFNMTKAVEMV,Retroviridae,25,%
AVP0055,FNMTKAVEMVNIAGNWSCTS,Retroviridae,15,%
AVP0056,NIAGNWSCTSDLPSSWGYMN,Retroviridae,22,%
AVP0057,CTSDLPSSWGYMNCNCTNSSSS,Retroviridae,5,%
AVP0058,CNCTNSSSSYSGTKMACPSNRG,Retroviridae,60,%
AVP0059,SGTKMACPSNRGILRNWYNP,Retroviridae,52,%
AVP0060,RGILRNWYNPFAGLRQSLEQ,Retroviridae,60,%
AVP0061,VAGLRQSLEQYQVVKQPDYL,Retroviridae,48,%
AVP0062,YQVVKQPDYLLVPEEVMEYK,Retroviridae,38,%
AVP0063,PDYLLVPEEVMEYKPRRKRAAI,Retroviridae,54,%
AVP0064,YKPRRKRAAIHVMLALATVLSI,Retroviridae,52,%
AVP0065,HVMLALATVLSIAGAGTGATAI,Retroviridae,58,%
AVP0066,AGAGTGATAIGMVTQYHQVL,Retroviridae,60,%
AVP0067,GMVTQYHQVLATHQEAIEKV,Retroviridae,43,%
AVP0068,ATHQEAIEKVTGALKINNLR,Retroviridae,44,%
AVP0069,TGALKINNLRLVTLEHQVLV,Retroviridae,73,%
AVP0070,LVTLEHQVLVIGLKVEAMEK,Retroviridae,45,%
AVP0071,IGLKVEAMEKFLYTAFAMQE,Retroviridae,74,%
AVP0072,FLYTAFAMQELGCNQNQFFC,Retroviridae,18,%
AVP0073,LGCNQNQFFCKIPLELWTRY,Retroviridae,21,%
AVP0074,KIPLELWTRYNMTINQTIWN,Retroviridae,0,%
AVP0075,NMTINQTIWNHGNITLGEWY,Retroviridae,4,%
AVP0076,HGNITLGEWYNQTKDLQQKF,Retroviridae,35,%
AVP0077,NQTKDLQQKFYEIIMDIEQN,Retroviridae,68,%
AVP0078,YEIIMDIEQNNVQGKTGIQQ,Retroviridae,37,%
AVP0079,NVQGKTGIQQLQKWEDWVRW,Retroviridae,96,%
AVP0080,LQKWEDWVRWIGNIPQYLKG,Retroviridae,98,%
AVP0081,IGNIPQYLKGLLGGILGIGL,Retroviridae,60,%
AVP0082,LLGGILGIGLGVLLLILCLP,Retroviridae,88,%
AVP0083,GVLLLILCLPTLVDCIRNCI,Retroviridae,32,%
AVP0084,TLVDCIRNCIHKILGYTVIA,Retroviridae,9,%
AVP0085,HKILGYTVIAMPEVEGEEIQ,Retroviridae,8,%
AVP0086,MPEVEGEEIQPQMELRRNGR,Retroviridae,7,%
AVP0087,PQMELRRNGRQCGMSEKEEE,Retroviridae,6,%
AVP0088,PDAVYLHRIDLGPPISLERLDVGTNLGNAIAKLED,Paramyxoviridae,>100,EC50 (μM)
AVP0089,DAVYLHRIDLGPPISLERLDVGTNLQNAIAKLEDA,Paramyxoviridae,>100,EC50 (μM)
AVP0090,AVYLHRIDLGPPISLERLDVGTNLQNAIAKLEDAK,Paramyxoviridae,>100,EC50 (μM)
AVP0091,VYLHRIDLGPPISLERLDVGTNLQNAIAKLEDAKE,Paramyxoviridae,85.3,EC50 (μM)
AVP0092,YLHRIDLGPPISLERLDVGTNLGNAIAKLEDAKEL,Paramyxoviridae,90.7,EC50 (μM)
AVP0093,LHRIDLGPPISLERLDVGTNLGNAIAKLEDAKELL,Paramyxoviridae,1.5,EC50 (μM)
AVP0094,HRIDLGPPISLERLDVGTNLGNAIAKLEDAKELLE,Paramyxoviridae,2.2,EC50 (μM)
AVP0095,RIDLGPPISLERLDVGTNLGNAIAKLEDAKELLES,Paramyxoviridae,1.7,EC50 (μM)
AVP0096,IDLGPPISLERLDVGTNLGNAIAKLEDAKELLESS,Paramyxoviridae,4.9,EC50 (μM)
AVP0097,DLGPPISLERLDVGTNLGNAIAKLEDAKELLESSD,Paramyxoviridae,5.7,EC50 (μM)
AVP0098,LGPPISLERLDVGTNLGNAIAKLEDAKELLESSDQ,Paramyxoviridae,6.5,EC50 (μM)
AVP0099,GPPISLERLDVGTNLGNAIAKLEDAKELLESSDQI,Paramyxoviridae,10.1,EC50 (μM)
AVP0100,PPISLERLDVGTNLGNAIAKLEDAKELLESSDQIL,Paramyxoviridae,1.1,EC50 (μM)
AVP0101,PISLERLDVGTNLGNAIAKLEDAKELLESSDQILR,Paramyxoviridae,3.1,EC50 (μM)
AVP0102,ISLERLDVGTNLGNAIAKLEDAKELLESSDQILRS,Paramyxoviridae,13,EC50 (μM)
AVP0103,SLERLDVGTNLGNAIAKLEDAKELLESSDQILRSM,Paramyxoviridae,12.3,EC50 (μM)
AVP0104,LERLDVGTNLGNAIAKLEDAKELLESSDQILRSMK,Paramyxoviridae,7.3,EC50 (μM)
AVP0105,YTPNDITLNNSVALDPIDISIELNKAKSDLEESKE,Paramyxoviridae,>100,EC50 (μM)
AVP0106,TPNDITLNNSVALDPIDISIELNKAKSDLEESKEW,Paramyxoviridae,>100,EC50 (μM)
AVP0107,PNDITLNNSVALDPIDISIELNKAKSDLEESKEWI,Paramyxoviridae,>100,EC50 (μM)
AVP0108,NDITLNNSVALDPIDISIELNKAKSDLEESKEWIR,Paramyxoviridae,>100,EC50 (μM)
AVP0109,DITLNNSVALDPIDISIELNKAKSDLEESKEWIRR,Paramyxoviridae,>100,EC50 (μM)
AVP0110,ITLNNSVALDPIDISIELNKAKSDLEESKEWIRRS,Paramyxoviridae,62,EC50 (μM)
AVP0111,TLNNSVALDPIDISIELNKAKSDLEESKEWIRRSN,Paramyxoviridae,72,EC50 (μM)
AVP0112,LNNSVALDPIDISIELNKAKSDLEESKEWIRRSNQ,Paramyxoviridae,1,EC50 (μM)
AVP0113,NNSVALDPIDISIELNKAKSDLEESKEWIRRSNQK,Paramyxoviridae,6,EC50 (μM)
AVP0114,NSVALDPIDISIELNKAKSDLEESKEWIRRSNQKL,Paramyxoviridae,0.2,EC50 (μM)
AVP0115,SVALDPIDISIELNKAKSDLEESKEWIRRSNQKLD,Paramyxoviridae,2,EC50 (μM)
AVP0116,VALDPIDISIELNKAKSDLEESKEWIRRSNQKLDS,Paramyxoviridae,1,EC50 (μM)
AVP0117,ALDPIDISIELNKAKSDLEESKEWIRRSNQKLDSI,Paramyxoviridae,0.1,EC50 (μM)
AVP0118,LDPIDISIELNKAKSDLEESKEWIRRSNQKLDSIG,Paramyxoviridae,0.03,EC50 (μM)
AVP0119,DPIDISIELNKAKSDLEESKEWIRRSNQKLDSIGN,Paramyxoviridae,0.2,EC50 (μM)
AVP0120,PIDISIELNKAKSDLEESKEWIRRSNQKLDSIGNW,Paramyxoviridae,0.07,EC50 (μM)
AVP0121,IDISIELNKAKSDLEESKEWIRRSNQKLDSIGNWH,Paramyxoviridae,0.11,EC50 (μM)
AVP0122,DISIELNKAKSDLEESKEWIRRSNQKLDSIGNWHQ,Paramyxoviridae,2,EC50 (μM)
AVP0123,ISIELNKAKSDLEESKEWIRRSNQKLDSIGNWHQS,Paramyxoviridae,2,EC50 (μM)
AVP0124,SIELNKAKSDLEESKEWIRRSNQKLDSIGNWHQSS,Paramyxoviridae,1,EC50 (μM)
AVP0125,IELNKAKSDLEESKEWIRRSNQKLDSIGNWHQSST,Paramyxoviridae,2,EC50 (μM)
AVP0126,ELNKAKSDLEESKEWIRRSNQKLDSIGNWHQSSTT,Paramyxoviridae,2.4,EC50 (μM)
AVP0127,IINFYDPLVFPSDEFDASISQVNEKINQSLAFIRK,Paramyxoviridae,91,EC50 (μM)
AVP0128,INFYDPLVFPSDEFDASISQVNEKINQSLAFIRKS,Paramyxoviridae,93,EC50 (μM)
AVP0129,NFYDPLVFPSDEFDASISQVNEKINQSLAFIRKSD,Paramyxoviridae,>100,EC50 (μM)
AVP0130,FYDPLVFPSDEFDASISQVNEKINQSLAFIRKSDE,Paramyxoviridae,20,EC50 (μM)
AVP0131,YDPLVFPSDEFDASISQVNEKINQSLAFIRKSDEL,Paramyxoviridae,6,EC50 (μM)
AVP0132,DPLVFPSDEFDASISQVNEKINQSLAFIRKSDELL,Paramyxoviridae,8,EC50 (μM)
AVP0133,PLVFPSDEFDASISQVNEKINQSLAFIRKSDELLH,Paramyxoviridae,30,EC50 (μM)
AVP0134,LVFPSDEFDASISQVNEKINQSLAFIRKSDELLHN,Paramyxoviridae,9,EC50 (μM)
AVP0135,VFPSDEFDASISQVNEKINQSLAFIRKSDELLHNV,Paramyxoviridae,19,EC50 (μM)
AVP0136,FPSDEFDASISQVNEKINQSLAFIRKSDELLHNVN,Paramyxoviridae,8,EC50 (μM)
AVP0137,PSDEFDASISQVNEKINQSLAFIRKSDELLHNVNA,Paramyxoviridae,6,EC50 (μM)
AVP0138,SDEFDASISQVNEKINQSLAFIRKSDELLHNVNAG,Paramyxoviridae,6,EC50 (μM)
AVP0139,DEFDASISQVNEKINQSLAFIRKSDELLHNVNAGK,Paramyxoviridae,12,EC50 (μM)
AVP0140,EFDASISQVNEKINQSLAFIRKSDELLHNVNAGKS,Paramyxoviridae,13,EC50 (μM)
AVP0141,FDASISQVNEKINQSLAFIRKSDELLHNVNAGKST,Paramyxoviridae,6,EC50 (μM)
AVP0142,DASISQVNEKINQSLAFIRKSDELLHNVNAGKSTT,Paramyxoviridae,8,EC50 (μM)
AVP0146,DLSNQINSINKSLKSAEDWIADSNFFANQARTAK,Paramyxoviridae,5.1,μM
AVP0148,CATCEQIADSQHRSHRQMV,Orthomyxoviridae,High,-
AVP0149,CATCQIADSHRSHRQMV,Orthomyxoviridae,High,-
AVP0150,CATCIADHRSHRQMV,Orthomyxoviridae,High,-
AVP0151,CATCEQIADSQHRSHRQM,Orthomyxoviridae,Medium,-
AVP0152,CATCEQIADSQHRSHRQ,Orthomyxoviridae,Medium,-
AVP0153,CATCEQIADSQHRSHR,Orthomyxoviridae,Medium,-
AVP0154,CATCEQIADSQHRSH,Orthomyxoviridae,Medium,-
AVP0155,CATCQIADSHRSH,Orthomyxoviridae,Medium,-
AVP0156,CATCIADHRSH,Orthomyxoviridae,Low,-
AVP0157,CACIADHSH,Orthomyxoviridae,Low,-
AVP0158,CTCIADHRH,Orthomyxoviridae,Low,-
AVP0159,ISLERLDVGTNLGNAIAKLEDAKELLESSDQILRSM,Paramyxoviridae,20,nM
AVP0160,VETTVTTAQETKRGRIQTKK,Parvoviridae,High,-
AVP0161,RPETVETTVTTAQETKRGRI,Parvoviridae,Nil,-
AVP0162,VTTAQETKRGRIQTKKEVSI,Parvoviridae,Nil,-
AVP0163,TAALRLGIKLTQHYFGLLTAFGSNFGTIG,Paramyxoviridae,High,-
AVP0164,TAALELDIKLTQHYFGLLTAFGSNFGTIG,Paramyxoviridae,Nil,-
AVP0165,LGRTLAAIKLTQHYFGLLTAFGSNFGTIG,Paramyxoviridae,Low,-
AVP0166,ALLTRILG,Hepadnaviridae,Nil,-
AVP0167,GSLLGRMKGA,Hepadnaviridae,0.8,μM
AVP0168,SLLGRMKGA,Hepadnaviridae,2.4,μM
AVP0169,SLLGRMKG,Hepadnaviridae,6.4,μM
AVP0170,SISCSRGLVCLLPRLTNESGNDRFDS,Herpesviridae,80,%
AVP0171,GSCDGFRVCYMH,Herpesviridae,20,%
AVP0172,CRFPNITNSHVPILQERPPLENRVLTGWGL,Retroviridae,2.5,μM
AVP0173,KGSVVIVGRIILSGRK,Flaviviridae,5.7,μM
AVP0174,VRLGSISVIGIVRGKK,Flaviviridae,137,μM
AVP0175,RGGSVVIVGRIILSGRK,Flaviviridae,3.4,μM
AVP0176,LWVGGGRNA,Reoviridae,10^-6.0,TCID50
AVP0177,RRKKAAVALLPAVLLALLAP,Herpesviridae,0.7,μM
AVP0178,DHILEPSIPWKSKLLTLVQL,Retroviridae,High,-
AVP0179,CTLTTKLYC,Paramyxoviridae,1,μM
AVP0181,RRKKLAALPLVLAAPLAVLA,Herpesviridae,23,%
AVP0182,FKLRAKIKVRLRAKIKL,Retroviridae,0.46,μM
AVP0183,FAVAVKAVAVKAVAVKAVKKAVKKVKKAVKKAVKKKK,Retroviridae,0.75,μM
AVP0184,FLAAARIAKRVAKKARKLAKRAARKRK,Retroviridae,0.94,μM
AVP0185,FRFKIKFRLKFRFKARFKFRAKFRA,Retroviridae,1.32,μM
AVP0186,FAVGLRAIKRALKKLRRGVRKVAKDL,Retroviridae,5.47,μM
AVP0187,KRKRAVKRVGRRLKKLARKIARLGVAKLAGLRAVKLF,Retroviridae,3.38,μM
AVP0188,GAKKGAKKGKKGAKKGAKGAGAKGAGAFKKKK,Retroviridae,4.07,μM
AVP0189,FAKKFAKKFKKFAKKFAKFAFAF,Retroviridae,3.05,μM
AVP0190,KKKKFVKKVAKKVKKVAKKVAKVAVAV,Retroviridae,3,μM
AVP0191,FLFAFRIFKRVFKKFRKLFKRAF,Retroviridae,10.51,μM
AVP0192,KRKRAVKRVGRRLKKKLARKIARLGVAF,Retroviridae,7.82,μM
AVP0193,KRKRFAKKFLRFLRKVIRFLKRFIRRF,Retroviridae,3.69,μM
AVP0194,FALALKALKKALKKLKKALKKAL,Retroviridae,7.07,μM
AVP0195,FAIAIKAIKKAIKKIKKAIKKAI,Retroviridae,8.71,μM
AVP0196,FKVKAKVKAKVKAKVKAKKKK,Retroviridae,2.85,μM
AVP0197,AVKRVGRRLKKLARKIARLGVAF,Retroviridae,3.37,μM
AVP0198,LLGRMKG,Hepadnaviridae,78±5,μM
AVP0200,PLSPPLRNTHPQAMQWNSTTF,Hepadnaviridae,30±1,μM
AVP0201,PTSNHSPTSCPPTCPGYRWMCLRRF,Hepadnaviridae,35±4,μM
AVP0202,LPRRLHLEPAFLPYSVKAHECC,Herpesviridae,11,μM
AVP0203,PGGETARKDKFLHMVLPRRL,Herpesviridae,>500,μM
AVP0204,EQVLKAVTNVLSPVFPGGET,Herpesviridae,280,μM
AVP0205,YVREHGVPIHADKYFEQVLK,Herpesviridae,>500,μM
AVP0206,PPSAVCNYEVAEDPSYVREH,Herpesviridae,>500,μM
AVP0207,RRLHLEPAFLPYSVKAHECC,Herpesviridae,20,μM
AVP0208,LPRRLHLEPAFLPYSVKAHEC,Herpesviridae,75,μM
AVP0209,LPRRLHLEPAFLPYSVKAHE,Herpesviridae,>500,μM
AVP0210,QLESLTDRELLLLIARKTCGSVE,Filoviridae,1,μM
AVP0211,HLVAVIGSYR,Nimaviridae,High,-
AVP0212,PSLFSWGFGS,Nimaviridae,Low,-
AVP0213,DWVAVKQSYF,Nimaviridae,Medium,-
AVP0214,ACFPWGNTWCGGK,Flaviviridae,13,μM
AVP0216,ACFPWGKEYCGGK,Flaviviridae,22,μM
AVP0218,ACFPWGNQWCGGK,Flaviviridae,6,μM
AVP0220,CFPWGC,Flaviviridae,50,μM
AVP0222,DDSVVCAAMSYSYA,Flaviviridae,22,%
AVP0223,ADLEVVAATYVLVA,Flaviviridae,33,%
AVP0224,KKKKVVAGTYVLV,Flaviviridae,30,%
AVP0225,KKKKVVAAGYVLV,Flaviviridae,2,%
AVP0226,KKKKVVAATGVLV,Flaviviridae,6,%
AVP0227,KKKKVVAATYGLV,Flaviviridae,0,%
AVP0228,KKKKVVAATYVGV,Flaviviridae,14,%
AVP0229,KKKKVVAATYVLG,Flaviviridae,13,%
AVP0230,KKKKVVAATYVLV,Flaviviridae,17,%
AVP0231,KKKKPVAATYVLV,Flaviviridae,24,%
AVP0232,KKKKVPAATYVLV,Flaviviridae,3,%
AVP0233,KKKKVVAAPYVLV,Flaviviridae,0,%
AVP0234,ADLEVVAATFVLVA,Flaviviridae,49,%
AVP0235,KKKKVVAPTYVLV,Flaviviridae,0,%
AVP0236,KKKKVVAATPVLV,Flaviviridae,0,%
AVP0237,KKKKVVAATYPLV,Flaviviridae,0,%
AVP0238,KKKKVVAATYVPV,Flaviviridae,10,%
AVP0239,KKKKVVAATYVLP,Flaviviridae,0,%
AVP0240,KKKKLLLPFLFFV,Flaviviridae,0,%
AVP0241,KKKKVVLATLVLV,Flaviviridae,5,%
AVP0242,KKKKLLLPFLFLV,Flaviviridae,0,%
AVP0243,KKKKVLLPFLFFV,Flaviviridae,0,%
AVP0244,KKKKLVLPFLFFV,Flaviviridae,6,%
AVP0245,ADLEVVAATHVLVA,Flaviviridae,29,%
AVP0246,KKKKLLAPFLFFV,Flaviviridae,4,%
AVP0247,KKKKLLLAFLFFV,Flaviviridae,4,%
AVP0248,KKKKLLLPTLFFV,Flaviviridae,2,%
AVP0249,KKKKLLLPFYFFV,Flaviviridae,0,%
AVP0250,KKKKLLLPFLVFV,Flaviviridae,0,%
AVP0251,KKKKLLAATYVLV,Flaviviridae,0,%
AVP0252,KKKKLVLATYVLV,Flaviviridae,2,%
AVP0253,KKKKLVAPTYVLV,Flaviviridae,0,%
AVP0254,KKKKLVAAFYVLV,Flaviviridae,18,%
AVP0255,KKKKLVAATYVFV,Flaviviridae,8,%
AVP0256,ADLEVVAATYV,Flaviviridae,15,%
AVP0257,KKKKLVAATYVLF,Flaviviridae,14,%
AVP0258,KKKKVLLATYVLV,Flaviviridae,0,%
AVP0259,KKKKVLAPTYVLV,Flaviviridae,1,%
AVP0260,KKKKVLAAFYVLV,Flaviviridae,0,%
AVP0261,KKKKVLAATLVLV,Flaviviridae,0,%
AVP0262,KKKKVLAATYFLV,Flaviviridae,0,%
AVP0263,KKKKVLAATYVFV,Flaviviridae,0,%
AVP0264,KKKKVVLPTYVLV,Flaviviridae,0,%
AVP0265,KKKKVVLAFYVLV,Flaviviridae,10,%
AVP0266,KKKKVVLATYVLF,Flaviviridae,0,%
AVP0267,DLEVVAATYV,Flaviviridae,0,%
AVP0268,KKKKVVAPFYVLV,Flaviviridae,2,%
AVP0269,KKKKVVAPTLVLV,Flaviviridae,3,%
AVP0270,KKKKVVAPTYFLV,Flaviviridae,15,%
AVP0271,KKKKVVAPTYVFV,Flaviviridae,0,%
AVP0272,KKKKVVAPTYVLF,Flaviviridae,15,%
AVP0273,KKKKVVAAFLVLV,Flaviviridae,20,%
AVP0274,KKKKVVAAFYFLV,Flaviviridae,7,%
AVP0275,KKKKVVAAFYVFV,Flaviviridae,0,%
AVP0276,KKKKVVAAFYVLF,Flaviviridae,8,%
AVP0277,KKKKVVAATLFLV,Flaviviridae,0,%
AVP0278,KKKKVVAATYVLVA,Flaviviridae,30,%
AVP0279,KKKKVVAATLVFV,Flaviviridae,0,%
AVP0280,KKKKVVAATLVLF,Flaviviridae,9,%
AVP0281,KKKKVVAATYFFV,Flaviviridae,0,%
AVP0282,KKKKVVAATYVFF,Flaviviridae,0,%
AVP0283,KKKKVLLPFLFFF,Flaviviridae,2,%
AVP0284,KKKKLVLPFLFFF,Flaviviridae,12,%
AVP0285,KKKKLLAPFLFFF,Flaviviridae,14,%
AVP0286,KKKKLLLAFLFFF,Flaviviridae,16,%
AVP0287,KKKKLLLPTLFFF,Flaviviridae,0,%
AVP0288,KKKKLLLPFYFFF,Flaviviridae,24,%
AVP0289,DDDEVVAATYVA,Flaviviridae,0,%
AVP0290,KKKKLLLPFLVFF,Flaviviridae,0,%
AVP0291,KKKKLLLPFLFLF,Flaviviridae,4,%
AVP0292,KKKKLLLPFLFFF,Flaviviridae,19,%
AVP0293,KKKKVVLPFLFFF,Flaviviridae,29,%
AVP0294,KKKKLVAPFLFFF,Flaviviridae,15,%
AVP0295,KKKKLLAAFLFFF,Flaviviridae,30,%
AVP0296,KKKKLLLATLFFF,Flaviviridae,16,%
AVP0297,KKKKLLLPTYFFF,Flaviviridae,3,%
AVP0298,KKKKLLLPFYVFF,Flaviviridae,0,%
AVP0299,KKKKLLLPFLVLF,Flaviviridae,4,%
AVP0300,DDDEVVAATYVLVA,Flaviviridae,1,%
AVP0301,KKKKVLAPFLFFF,Flaviviridae,8,%
AVP0302,KKKKVLLAFLFFF,Flaviviridae,0,%
AVP0303,KKKKVLLPFYFFF,Flaviviridae,27,%
AVP0304,KKKKVLLPFLLFF,Flaviviridae,0,%
AVP0305,KKKKVLLPFLFVF,Flaviviridae,0,%
AVP0306,KKKKLVLAFLFFF,Flaviviridae,18,%
AVP0307,KKKKLVLPTLFFF,Flaviviridae,29,%
AVP0308,KKKKLVLPFYFFF,Flaviviridae,14,%
AVP0309,KKKKLVLPFLLFF,Flaviviridae,18,%
AVP0310,KKKKLVLPFLFVF,Flaviviridae,40,%
AVP0311,ADLEVVAATYVDDD,Flaviviridae,0,%
AVP0312,KKKKLLAPFLVFF,Flaviviridae,9,%
AVP0313,KKKKLLLAFYFFF,Flaviviridae,30,%
AVP0314,KKKKLLLAFLFLF,Flaviviridae,8,%
AVP0315,KKKKLLLPTLVFF,Flaviviridae,3,%
AVP0316,KKKKLLLPTLFLF,Flaviviridae,0,%
AVP0317,KKKKLLLPFYFLF,Flaviviridae,22,%
AVP0318,AESTTPCSGSYLKA,Flaviviridae,0,%
AVP0319,EDCSTPSSGSFLDR,Flaviviridae,0,%
AVP0320,KKKKVVTSTYVLVEA,Flaviviridae,0,%
AVP0321,AKDLEVVTSTYVLVEA,Flaviviridae,51,%
AVP0323,AKDLEVVCSTYVLVEA,Flaviviridae,64,%
AVP0324,FDEMEESSSHLPYI,Flaviviridae,0,%
AVP0325,AKDEMEECASHLPYEA,Flaviviridae,0,%
AVP0326,DEMEEC,Flaviviridae,0,%
AVP0327,DEMEECASHLPYK,Flaviviridae,0,%
AVP0328,FDEMEECSQHLPYA,Flaviviridae,0,%
AVP0329,FDEMEECASHLPYA,Flaviviridae,0,%
AVP0330,AECVVSCSMSYTKA,Flaviviridae,52,%
AVP0331,SEDVVSSSMSYTFT,Flaviviridae,0,%
AVP0332,DEVVCC,Flaviviridae,0,%
AVP0333,DDSVVCAAMSYSFA,Flaviviridae,29,%
AVP0334,ADLEVVAATYVDVA,Flaviviridae,54,%
AVP0335,ADLEVVAATYVLDA,Flaviviridae,22,%
AVP0336,ADLEVVAATYVLVD,Flaviviridae,38,%
AVP0337,ADLEVVAATYVDDA,Flaviviridae,20,%
AVP0338,ADLEVVAATYVLDD,Flaviviridae,44,%
AVP0339,ADLEVVAATYVDVD,Flaviviridae,19,%
AVP0341,KKKKVVAATYVKKA,Flaviviridae,13,%
AVP0342,KKKKVVAATYVLKK,Flaviviridae,0,%
AVP0343,KKKKVVAATYVLVK,Flaviviridae,0,%
AVP0344,DDSVVCAAMSYSHA,Flaviviridae,26,%
AVP0345,KKKKVVAATYFFFA,Flaviviridae,5,%
AVP0346,KKKKVVAATYFLVA,Flaviviridae,4,%
AVP0347,KKKKVVAATYVFVA,Flaviviridae,0,%
AVP0348,KKKKVVAATYVLVF,Flaviviridae,12,%
AVP0349,KKKKVVAATYVLFA,Flaviviridae,12,%
AVP0350,KKKKVVAATYKKKA,Flaviviridae,0,%
AVP0351,KKKKVVAATYKLKA,Flaviviridae,0,%
AVP0352,KKKKVVAATYKKVA,Flaviviridae,4,%
AVP0353,AKLKVVAATYVLKK,Flaviviridae,5,%
AVP0354,AKLKVVAATYVKKK,Flaviviridae,0,%
AVP0355,DDSVVSAAMSYSYA,Flaviviridae,31,%
AVP0356,AKLEVVAATYVKKK,Flaviviridae,0,%
AVP0357,AKLEVVAATYKKKK,Flaviviridae,0,%
AVP0358,KKKKVVAATYKKKK,Flaviviridae,8,%
AVP0359,ADKEVVAATYVKKK,Flaviviridae,0,%
AVP0360,ADLEVVAATYVKKK,Flaviviridae,2,%
AVP0361,ADLEVVAATYKKKK,Flaviviridae,7,%
AVP0362,ADLKVVAATYVLVA,Flaviviridae,0,%
AVP0363,ADLEVVAATYAAAA,Flaviviridae,8,%
AVP0364,KDLKVVAATYVKKK,Flaviviridae,21,%
AVP0365,KKKKAVAATYVLV,Flaviviridae,59,%
AVP0366,DDSVVSAAMSYSFA,Flaviviridae,14,%
AVP0367,KKKKVAAATYVLV,Flaviviridae,32,%
AVP0368,KKKKVVAAAYVLV,Flaviviridae,19,%
AVP0369,KKKKVVAATAVLV,Flaviviridae,13,%
AVP0370,KKKKVVAATYALV,Flaviviridae,0,%
AVP0371,KKKKVVAATYVAV,Flaviviridae,21,%
AVP0372,KKKKVVAATYVLA,Flaviviridae,19,%
AVP0373,KKKKLVAATYVLV,Flaviviridae,0,%
AVP0374,KKKKVLAATYVLV,Flaviviridae,12,%
AVP0375,KKKKVVLATYVLV,Flaviviridae,32,%
AVP0376,KKKKVVALTYVLV,Flaviviridae,0,%
AVP0377,DDSVVSAAMSYSHA,Flaviviridae,0,%
AVP0378,KKKKVVAALYVLV,Flaviviridae,7,%
AVP0379,KKKKVVAATYLLV,Flaviviridae,26,%
AVP0380,KKKKVVAATYVLL,Flaviviridae,25,%
AVP0381,KKKKFVAATYVLV,Flaviviridae,30,%
AVP0382,KKKKVFAATYVLV,Flaviviridae,26,%
AVP0383,KKKKVVFATYVLV,Flaviviridae,34,%
AVP0384,KKKKVVAFTYVLV,Flaviviridae,23,%
AVP0385,KKKKVVAAFYVLV,Flaviviridae,3,%
AVP0386,KKKKVVAATFVLV,Flaviviridae,28,%
AVP0387,KKKKVVAATYFLV,Flaviviridae,14,%
AVP0388,DDSVVAAMSYSYA,Flaviviridae,9,%
AVP0389,KKKKVVAATYVFV,Flaviviridae,15,%
AVP0390,KKKKVVAATYVLF,Flaviviridae,1,%
AVP0391,KKKKEVAATYVLV,Flaviviridae,2,%
AVP0392,KKKKVEAATYVLV,Flaviviridae,0,%
AVP0393,KKKKVVEATYVLV,Flaviviridae,0,%
AVP0394,KKKKVVAETYVLV,Flaviviridae,19,%
AVP0395,KKKKVVAAEYVLV,Flaviviridae,5,%
AVP0396,KKKKVVAATEVLV,Flaviviridae,4,%
AVP0397,KKKKVVAATYELV,Flaviviridae,0,%
AVP0398,KKKKVVAATYVEV,Flaviviridae,0,%
AVP0399,DDSVVAAMSYSFA,Flaviviridae,2,%
AVP0400,KKKKVVAATYVLE,Flaviviridae,0,%
AVP0401,KKKKKVAATYVLV,Flaviviridae,0,%
AVP0402,KKKKVKAATYVLV,Flaviviridae,25,%
AVP0403,KKKKVVKATYVLV,Flaviviridae,40,%
AVP0404,KKKKVVAKTYVLV,Flaviviridae,12,%
AVP0405,KKKKVVAAKYVLV,Flaviviridae,0,%
AVP0406,KKKKVVAATKVLV,Flaviviridae,0,%
AVP0407,KKKKVVAATYVKV,Flaviviridae,0,%
AVP0408,KKKKVVAATYVLK,Flaviviridae,0,%
AVP0409,KKKKTVAATYVLV,Flaviviridae,27,%
AVP0410,DDSVVAAMSYSHA,Flaviviridae,22,%
AVP0411,KKKKVTAATYVLV,Flaviviridae,32,%
AVP0412,KKKKVVTATYVLV,Flaviviridae,1,%
AVP0413,KKKKVVATTYVLV,Flaviviridae,16,%
AVP0414,KKKKVVAATTVLV,Flaviviridae,23,%
AVP0415,KKKKVVAATYTLV,Flaviviridae,0,%
AVP0416,KKKKVVAATYVTV,Flaviviridae,0,%
AVP0417,KKKKVVAATYVLT,Flaviviridae,8,%
AVP0418,KKKKGVAATYVLV,Flaviviridae,0,%
AVP0419,KKKKVGAATYVLV,Flaviviridae,0,%
AVP0420,KKKKVVGATYVLV,Flaviviridae,14,%
AVP0421,AALEAKICHQIEYYFGDF,Flaviviridae,12,μg
AVP0422,KWKVFKKIEKMGRNIRNGIVKAGPAIAVLGEAKAL,Arenaviridae,3.4,EC50 (μM)
AVP0423,KVLTTGLPALISWIKRKRQQ,Arenaviridae,0.86,EC50 (μM)
AVP0424,GIGKFLHSAGKFGKAFVGEIMKS,Herpesviridae,36.59,EC50 (μM)
AVP0425,GIGKFLHSAKKFGKAFVGEIMNS,Herpesviridae,22.16,EC50 (μM)
AVP0426,ILPWKWPWWPWRR,Herpesviridae,28.68,EC50 (μM)
AVP0427,ILMCFSIDSPDSLEN,Paramyxoviridae,1.6,μg/ml
AVP0428,ILMAFSIDSPDSLEN,Paramyxoviridae,>100,μg/ml
AVP0429,ILMCFSINSPNSLQN,Paramyxoviridae,>100,μg/ml
AVP0430,GSRVQIRCRFRNSTR,Herpesviridae,19,μM
AVP0431,CKFCYGSAQCPTFLFIVRLLRFVWV,Rhabdoviridae,High,-
AVP0432,CTMCRYQQNCFTRRLIVGGMLLVFV,Rhabdoviridae,89,%
AVP0433,CYSCPCERRCHKIARGLLILRSVLF,Rhabdoviridae,High,-
AVP0434,CQRCGWETGVGVSGFLVRILRFVVL,Rhabdoviridae,High,-
AVP0435,CTQCCAPSTCLNYRIFVGLLRFVVI,Rhabdoviridae,High,-
AVP0436,CDSCERCWYVWLILLRVRLRLLVSL,Rhabdoviridae,83,%
AVP0437,CKSCDTRCTCLRRRLRVGVGLPCMGC,Rhabdoviridae,High,-
AVP0438,CRCCELKSLCPTLMRVVRLLGLVLL,Rhabdoviridae,78,%
AVP0439,CLCCDKVRTCRRLLGLVMVLSVVRC,Rhabdoviridae,High,-
AVP0440,CGECGGGHIVGRFCMVVRFLRLVFI,Rhabdoviridae,57,%
AVP0441,CVTCKSTVLCDKMQHPCRRGPRCISC,Rhabdoviridae,5,%
AVP0442,CGRCLQRACCKYCRLKCRLILFVIF,Rhabdoviridae,22,%
AVP0443,PPIPIPDPPQRNRPPPRWFISLMVIRIH,Rhabdoviridae,Low,-
AVP0444,PPRLLDSPEVMVILHLGFRIGLVRLWIH,Rhabdoviridae,High,-
AVP0445,PPARSSPPMPPNLPPLRRRIILLRFLFH,Rhabdoviridae,High,-
AVP0446,PPPLPYGPNRNGEPHLRVLLRLLCIRLH,Rhabdoviridae,High,-
AVP0447,PPRTTPIPHLDVSLHLLILRILRVRVH,Rhabdoviridae,High,-
AVP0448,PPDVHTPPHALWRLHLSLRVCLVRMWIH,Rhabdoviridae,71,%
AVP0449,PPTSPLLPTVNLRPPPIIIVFLLRVWFH,Rhabdoviridae,High,-
AVP0450,PPLYGRDPTTRRMPHLLLRCCLLRLVVH,Rhabdoviridae,High,-
AVP0451,PPDQTTYPSAECPPPPLVSILLIGLWLH,Rhabdoviridae,Low,-
AVP0452,PPRGAHRPNSTVVLHLVIRLCLLRFVVH,Rhabdoviridae,High,-
AVP0453,PPDTSLLPPVGLHLVVRLFLLRLSVH,Rhabdoviridae,High,-
AVP0454,PPGAPPAPFRTHTPPPRMVIVLIRVWCH,Rhabdoviridae,High,-
AVP0455,PPGAPPQPDSVCELHLLCVLRLLVIRIH,Rhabdoviridae,High,-
AVP0456,PPSHSFRPESLERLHLLRRVLLLMRIVH,Rhabdoviridae,High,-
AVP0457,PPCYERMPRRLIRPPPLLSVLLILRLCH,Rhabdoviridae,Medium,-
AVP0458,PPLFEDTPMVNSIPPLRVRLFLLRLVFH,Rhabdoviridae,High,-
AVP0459,PPRGTETPQRCRRLHLVEMLCLVRVVFH,Rhabdoviridae,High,-
AVP0460,YDHIQDHVNTMFSRLATSWCLLQNKERALWAEAA,Herpesviridae,5,EC50 (μM)
AVP0461,RLASWSVKQANLTTSLLGDLLDDVT,Retroviridae,Nil,-
AVP0462,LLGDLLDDVTSIRHAVLQNRAAIDF,Retroviridae,Nil,-
AVP0463,FNLSDHSESIQKKFQLMKEHVNKIG,Retroviridae,170,nM
AVP0464,SDHSESIQKKFQLMKEHVNKIGVDS,Retroviridae,5,μM
AVP0465,IEPHDWTKNITDKIDQIIHDFVDKT,Retroviridae,Nil,-
AVP0466,HDWTKNITDKIDQIIHDFVDKTLPD,Retroviridae,Nil,-
AVP0467,FHRKKGRGKHK,Orthomyxoviridae,3.10x10^-6,mol/l (Kd)
AVP0468,CQSLPTHNC,Bunyaviridae,2,%
AVP0469,CSSQNGRIC,Bunyaviridae,4,%
AVP0470,CRTLPPILC,Bunyaviridae,5,%
AVP0471,CHLLLPRPC,Bunyaviridae,16,%
AVP0472,CQAMHNRFC,Bunyaviridae,18,%
AVP0473,CTPTVTRSC,Bunyaviridae,21,%
AVP0474,CTESTINTC,Bunyaviridae,22,%
AVP0475,CQYNPLPYC,Bunyaviridae,27,%
AVP0476,CNHTRNMAC,Bunyaviridae,29,%
AVP0477,CPSRLSSQC,Bunyaviridae,35,%
AVP0478,CTKYWARNC,Bunyaviridae,37,%
AVP0479,CHPTGLHQC,Bunyaviridae,39,%
AVP0480,CLTDRHRTC,Bunyaviridae,39,%
AVP0481,CTPSLPWLC,Bunyaviridae,42,%
AVP0482,CQGPVKPLC,Bunyaviridae,44,%
AVP0483,CDATSAQVC,Bunyaviridae,46,%
AVP0484,CKPTHYNSC,Bunyaviridae,46,%
AVP0485,CRHNNLHHC,Bunyaviridae,46,%
AVP0486,CEWTESMMC,Bunyaviridae,47,%
AVP0487,CSTNPPTQC,Bunyaviridae,47,%
AVP0488,CVNSPPTMC,Bunyaviridae,48,%
AVP0489,CTNPATPFC,Bunyaviridae,48,%
AVP0490,CLWPTLKGC,Bunyaviridae,48,%
AVP0491,CHTKIFPNC,Bunyaviridae,49,%
AVP0492,CHARNSTQC,Bunyaviridae,49,%
AVP0493,CSLTNTLLC,Bunyaviridae,49,%
AVP0494,CNPYNTSMC,Bunyaviridae,49,%
AVP0495,CNGVIHNQC,Bunyaviridae,49,%
AVP0496,CYHPSFNTC,Bunyaviridae,51,%
AVP0497,CSGSETKVC,Bunyaviridae,52,%
AVP0498,CYETKTHSC,Bunyaviridae,52,%
AVP0499,CTNRHAAGC,Bunyaviridae,54,%
AVP0500,CNLLRQQTC,Bunyaviridae,54,%
AVP0501,CVSGQESIC,Bunyaviridae,56,%
AVP0502,CLALNMSYC,Bunyaviridae,58,%
AVP0503,CQPHTLPTC,Bunyaviridae,59,%
AVP0504,CNTKNFHSC,Bunyaviridae,61,%
AVP0505,CNPMKPLMC,Bunyaviridae,61,%
AVP0506,CPRSGTAYC,Bunyaviridae,63,%
AVP0507,CSTPELTFC,Bunyaviridae,63,%
AVP0508,CMTSHPTLC,Bunyaviridae,64,%
AVP0509,CPLGKLPWC,Bunyaviridae,66,%
AVP0510,CQSASPRLC,Bunyaviridae,70,%
AVP0511,CLTSPTSTC,Bunyaviridae,70,%
AVP0512,CNTSSTPHC,Bunyaviridae,71,%
AVP0513,CTQKNIAAC,Bunyaviridae,71,%
AVP0514,CTNSTLQSC,Bunyaviridae,72,%
AVP0515,CKPDAISVC,Bunyaviridae,72,%
AVP0516,CNQSTLLTC,Bunyaviridae,74,%
AVP0517,CHSPLTSSC,Bunyaviridae,74,%
AVP0518,CFPTTSRGC,Bunyaviridae,74,%
AVP0519,CGFSNFRSC,Bunyaviridae,76,%
AVP0520,CQSQNHNTC,Bunyaviridae,76,%
AVP0521,CQSIRGPMC,Bunyaviridae,76,%
AVP0522,CPSTGYSYC,Bunyaviridae,76,%
AVP0523,CPPGKSSMC,Bunyaviridae,77,%
AVP0524,CHNLKRPTC,Bunyaviridae,79,%
AVP0525,CLFNHPKYC,Bunyaviridae,79,%
AVP0526,CYSLLPRVC,Bunyaviridae,79,%
AVP0527,CTMLLFHRC,Bunyaviridae,80,%
AVP0528,CRNTDTALC,Bunyaviridae,80,%
AVP0529,CPPPQGQTC,Bunyaviridae,81,%
AVP0530,CIHAPHTQC,Bunyaviridae,83,%
AVP0531,CPGHIHRTC,Bunyaviridae,83,%
AVP0532,CLALRHSNC,Bunyaviridae,83,%
AVP0533,CSPQLAPFC,Bunyaviridae,83,%
AVP0534,CQLPAERWC,Bunyaviridae,84,%
AVP0535,CRSLTDNQC,Bunyaviridae,84,%
AVP0536,CLHKPWSRC,Bunyaviridae,89,%
AVP0537,CPFVKTQLC,Bunyaviridae,91,%
AVP0538,MVDRGWGNHAGLFGKGSIV,Flaviviridae,17±10,%
AVP0539,AWLVHTQWFLDLPLPWLPGADTQGSNWI,Flaviviridae,7±4,%
AVP0540,AWLVHRQWFLDLPLPWLPG,Flaviviridae,25±8,%
AVP0541,MAILGDTAWDFGSLGGVFTSIGKALHQVFGAIY,Flaviviridae,93±2,%
AVP0542,VVDRGWGNGAGLFGKGSID,Flaviviridae,4±13,%
AVP0543,TFLVHREWFMDLNLPWSSAGSTVWR,Flaviviridae,56±5,%
AVP0544,TFLVHREWFMDLNLPWSSA,Flaviviridae,70±2,%
AVP0545,KYKETDLLILFKDDYFAKKNEERK,Flaviviridae,80-95,%
AVP0546,MWKTPTLKYFGGFNFSQI,Coronaviridae,58,%
AVP0547,ATAGWTFGAGAALQIPFAMQMAY,Coronaviridae,39,%
AVP0548,GYHLMSFPQAAPHGVVFLHVTW,Coronaviridae,2,μM
AVP0549,GVFVFNGTSWFITQRNFFS,Coronaviridae,2,μM
AVP0550,NEVAKNLNESLIDLQELGKYEQYIKWPWYVW,Coronaviridae,Nil,-
AVP0551,AACEVAKNLNESLIDLQELGKYEQYIKW,Coronaviridae,42,%
AVP0552,GNHILSLVQNAPYGLYFIHFSW,Coronaviridae,Nil,-
AVP0553,GYFVQDDGEWKFTGSSYYY,Coronaviridae,4,μM
AVP0555,DTRACDVIALLCHLNT,Flaviviridae,High,-
AVP0556,CDVIALLCHLNT,Flaviviridae,High,-
AVP0557,CDVIALLACHLNT,Flaviviridae,96.3±2.8,%
AVP0558,CDVIALLCHLNTPSF,Flaviviridae,High,-
AVP0559,CDVIALLCHLNTPSFNTTHYRESWY,Flaviviridae,High,-
AVP0560,TGPEFPGRPTRP,Flaviviridae,Low,-
AVP0561,NTTHYRVIRLTIG,Flaviviridae,Low,-
AVP0562,DTRACDVIALL,Flaviviridae,Low,-
AVP0563,DTRACDVIPLL,Flaviviridae,Low,-
AVP0564,CDVIALL,Flaviviridae,Low,-
AVP0565,DTRAPLAI,Flaviviridae,Low,-
AVP0566,CDVIALLACHLNTPSF,Flaviviridae,Low,-
AVP0567,CDVIALLACHLNTPSFNTTHYRESWY,Flaviviridae,Low,-
AVP0568,CDVIALLECHLNT,Flaviviridae,Low,-
AVP0569,TRACDVIALLECHLNT,Flaviviridae,Low,-
AVP0570,DTRACDVIALLECHLNT,Flaviviridae,Low,-
AVP0571,ATWVCGPCT,Flaviviridae,High,-
AVP0572,GGWTQWWWTAFY,Hepadnaviridae,10(Medium),CBD-PreS/CBD ratio
AVP0573,NNWWYWWDTLVN,Hepadnaviridae,12(High),CBD-PreS/CBD ratio
AVP0574,GLWRFWFGDFLT,Hepadnaviridae,10(Medium),CBD-PreS/CBD ratio
AVP0575,QMMLTLLWAFWY,Hepadnaviridae,9(Medium),CBD-PreS/CBD ratio
AVP0576,MSEALWTAWTQW,Hepadnaviridae,9(Medium),CBD-PreS/CBD ratio
AVP0577,MTGRLISWWWSL,Hepadnaviridae,5(Low),CBD-PreS/CBD ratio
AVP0578,WTDMFTAWWSTP,Hepadnaviridae,16(High),CBD-PreS/CBD ratio
AVP0580,WVEYMYSWIPTA,Hepadnaviridae,6(Low),CBD-PreS/CBD ratio
AVP0581,RVAAAAITWVPKPNVEVWPVDPPPPVNFNKTAEQEYGDKEVKLPHW,Herpesviridae,50,nM
AVP0582,RRGRTGRGRRGIYR,Flaviviridae,82.85±7.28,EC50 (μM)
AVP0583,SWLRDIWDWICEVLSD,Flaviviridae,0.98,μM
AVP0584,SWLRDIWDWICEVLSDFK,Flaviviridae,0.79,μM
AVP0585,WICEVLSDFK,Flaviviridae,>27,μM
AVP0586,CEVLSDFK,Flaviviridae,>27,μM
AVP0587,SGSWLRDIWDWICEVLSDFK,Flaviviridae,1.7,μM
AVP0588,GSWLRDIWDWICEVLSDFK,Flaviviridae,0.51,μM
AVP0589,SWLRDIWDWICEVLSDFKT,Flaviviridae,1.7,μM
AVP0590,SWLRDIWDWICEVLSDFKTW,Flaviviridae,0.51,μM
AVP0591,SWRLIDWDWICEVLSDFK,Flaviviridae,4,μM
AVP0592,SWRLDIWDWICESVLDFK,Flaviviridae,>30,μM
AVP0594,DWLKAFYDKVAEKLKEAF,Flaviviridae,>28,μM
AVP0595,SWLRDIWDWICEVL,Flaviviridae,11.3,μM
AVP0596,VLDLIYSLHKQINRGLKKIVL,Flaviviridae,>36,μM
AVP0597,KFDSLVECIWDWIDRLWS,Flaviviridae,0.85,μM
AVP0599,KWLCRIWSWISDVLDDFE,Flaviviridae,0.5,μM
AVP0600,SIWRDWVDLICEFLSDWK,Flaviviridae,0.4,μM
AVP0601,SWLRDVWDWICTVLTDFK,Flaviviridae,3.9,μM
AVP0602,SWLRDVWDWVCTILTDFK,Flaviviridae,2.1,μM
AVP0603,DWLRIIWDWVCSVVSDFK,Flaviviridae,0.55,μM
AVP0604,SWLWEVWDWVLHVLSDFK,Flaviviridae,7,μM
AVP0605,TWLRAIWDWVCTALTDFK,Flaviviridae,7.1,μM
AVP0606,SWLRDIWDWICEV,Flaviviridae,>27,μM
AVP0607,SWLRDVWDWVCTVLSDFK,Flaviviridae,3.5,μM
AVP0608,SWLRDIWDWISEVLSDFK,Flaviviridae,13.5,μM
AVP0609,SWLRDIWDWIREVLSDFK,Flaviviridae,12.5,μM
AVP0610,SWLRDIWDWIEEVLSDFK,Flaviviridae,13,μM
AVP0611,SWLDDIWDWICEVLSDFE,Flaviviridae,4.7,μM
AVP0613,SWLRDIWDWICKVLSDFK,Flaviviridae,6.8,μM
AVP0614,SWLDRIWRWICKVLSRFE,Flaviviridae,1.7,μM
AVP0615,SWLRDIWRWICKVLSRFK,Flaviviridae,0.84,μM
AVP0616,SWLRRIWRWICKVLSRFK,Flaviviridae,0.89,μM
AVP0617,SWLRDIWDWICE,Flaviviridae,>27,μM
AVP0618,SWLRDIWDWI,Flaviviridae,>27,μM
AVP0619,SWLRDIWD,Flaviviridae,>27,μM
AVP0620,LRDIWDWICEVLSDFK,Flaviviridae,>27,μM
AVP0621,DIWDWICEVLSDFK,Flaviviridae,>27,μM
AVP0622,WDWICEVLSDFK,Flaviviridae,>27,μM
AVP0623,RTQRRGRTGRGKPGIYR,Flaviviridae,27.1±2.4,μM
AVP0624,STQRRGRTGRGRRGIYR,Flaviviridae,24.3±1.8,μM
AVP0626,RTGRGRRGIYR,Flaviviridae,34.6±3.2,μM
AVP0627,RGRRGIYR,Flaviviridae,313±11.3,μM
AVP0628,RGIYR,Flaviviridae,>500,μM
AVP0629,SQVGD,Flaviviridae,>500,μM
AVP0630,RNPSQVGD,Flaviviridae,>500,μM
AVP0631,RIGRNPSQVGD,Flaviviridae,417±17.6,μM
AVP0632,RRGRIGRNPSQVGD,Flaviviridae,169±6.8,μM
AVP0633,AAQRRGRIGRNPSQVGD,Flaviviridae,358±13.2,μM
AVP0634,NQVGD,Flaviviridae,>500,μM
AVP0635,RNPNQVGD,Flaviviridae,>500,μM
AVP0636,RVGRNPNQVGD,Flaviviridae,374±12.8,μM
AVP0637,RRGRVGRNPNQVGD,Flaviviridae,196±9.4,μM
AVP0638,AAQRRGRVGRNPNQVGD,Flaviviridae,442±17.7,μM
AVP0671,TWLATRGLLRSPGRYVYFSPSASTWPVGIWTTGELVLGCDAAL,Herpesviridae,Nil,-
AVP0672,RLTGLLATSGFAFVNAAHANGAVCLSDLLGFLAHSRALAG,Herpesviridae,Nil,-
AVP0673,AAHLIDALYAEFLGGRVLTTPVVHRALFYASAVLRQPFLAGVPSA,Herpesviridae,250,μM
AVP0674,AAHLIDALYAEFLGGRVLTT,Herpesviridae,250,μM
AVP0675,GLASTLTRWAHYNALIRAF,Herpesviridae,250,μM
AVP0676,CCFLNITNSHVSILQERPPLENRVLTGWGL,Retroviridae,0.28±0.01,μM
AVP0677,CCFLRIQNDSIIRLGDLQPLSQRVSTDWQ,Polyomaviridae,3.49±0.03,μM
AVP0678,TTPKFTVAWDWVPKR,Herpesviridae,High,-
AVP0679,VGQPQYYQANGGFLI,Herpesviridae,High,-
AVP0680,KTTSSIEFARLQFTY,Herpesviridae,High,-
AVP0681,IEFARLQFTYNHIQR,Herpesviridae,High,-
AVP0682,VAADNVIVQNSMRIS,Herpesviridae,High,-
AVP0683,GHRRYFTFGGGYVYF,Herpesviridae,High,-
AVP0684,HEFVPLEVYTRHEIK,Herpesviridae,High,-
AVP0685,APTSPGTPGVAAATQ,Herpesviridae,Low,-
AVP0686,GTPGVAAATQAANGG,Herpesviridae,Low,-
AVP0687,AAATQAANGGPATPA,Herpesviridae,Low,-
AVP0688,AANGGPATPAPPPLG,Herpesviridae,Low,-
AVP0689,PATPAPPPLGAAPTG,Herpesviridae,Low,-
AVP0690,PPPLGAAPTGDPKPK,Herpesviridae,Low,-
AVP0691,AAPTGDPKPKKNKKP,Herpesviridae,Low,-
AVP0692,DPKPKKNKKPKNPTP,Herpesviridae,Low,-
AVP0693,KNKKPKNPTPPRPAG,Herpesviridae,Low,-
AVP0694,KNPTPPRPAGDNATV,Herpesviridae,Low,-
AVP0695,PRPAGDNATVAAGHA,Herpesviridae,Low,-
AVP0696,DNATVAAGHATLREH,Herpesviridae,Low,-
AVP0697,AAGHATLREHLRDIK,Herpesviridae,Low,-
AVP0698,TLREHLRDIKAENTD,Herpesviridae,Low,-
AVP0699,LRDIKAENTDANFYV,Herpesviridae,Low,-
AVP0700,AENTDANFYVCPPPT,Herpesviridae,Low,-
AVP0701,ANFYVCPPPTGATVV,Herpesviridae,Low,-
AVP0702,CPPPTGATVVQFEQP,Herpesviridae,Low,-
AVP0703,GATVVQFEQPRRCPT,Herpesviridae,Low,-
AVP0704,QFEQPRRCPTRPEGQ,Herpesviridae,Low,-
AVP0705,RRCPTRPEGQNYTEG,Herpesviridae,Low,-
AVP0706,RPEGQNYTEGIAVVF,Herpesviridae,Low,-
AVP0707,NYTEGIAVVFKENIA,Herpesviridae,Low,-
AVP0708,IAVVFKENIAPYKFK,Herpesviridae,Low,-
AVP0709,KENIAPYKFKATMYY,Herpesviridae,Low,-
AVP0710,PYKFKATMYYKDVTV,Herpesviridae,Low,-
AVP0711,ATMYYKDVTVSQVWF,Herpesviridae,Low,-
AVP0712,KDVTVSQVWFGHRYS,Herpesviridae,Low,-
AVP0713,SQVWFGHRYSQFMGI,Herpesviridae,Low,-
AVP0714,GHRYSQFMGIFEDRA,Herpesviridae,Low,-
AVP0715,QFMGIFEDRAPVPFE,Herpesviridae,Low,-
AVP0716,FEDRAPVPFEEVIDK,Herpesviridae,Low,-
AVP0717,PVPFEEVIDKINAKG,Herpesviridae,Low,-
AVP0718,EVIDKINAKGVCRST,Herpesviridae,Low,-
AVP0719,INAKGVCRSTAKYVR,Herpesviridae,Low,-
AVP0720,VCRSTAKYVRNNLET,Herpesviridae,Low,-
AVP0721,AKYVRNNLETTAFHR,Herpesviridae,Low,-
AVP0722,NNLETTAFHRDDHET,Herpesviridae,Low,-
AVP0723,TAFHRDDHETDMELK,Herpesviridae,Low,-
AVP0724,DDHETDMELKPANAA,Herpesviridae,Low,-
AVP0725,DMELKPANAATRTSR,Herpesviridae,Low,-
AVP0726,PANAATRTSRGWHTT,Herpesviridae,Low,-
AVP0727,TRTSRGWHTTDLKYN,Herpesviridae,Low,-
AVP0728,GWHTTDLKYNPSRVE,Herpesviridae,Low,-
AVP0729,DLKYNPSRVEAFHRY,Herpesviridae,Low,-
AVP0730,PSRVEAFHRYGTTVN,Herpesviridae,Low,-
AVP0731,AFHRYGTTVNCIVEE,Herpesviridae,Low,-
AVP0732,GTTVNCIVEEVDARS,Herpesviridae,Low,-
AVP0733,CIVEEVDARSVYPYD,Herpesviridae,Low,-
AVP0734,VDARSVYPYDEFVLA,Herpesviridae,Low,-
AVP0735,VYPYDEFVLATGDFV,Herpesviridae,Low,-
AVP0736,EFVLATGDFVYMSPF,Herpesviridae,Low,-
AVP0737,TGDFVYMSPFYGYRE,Herpesviridae,Low,-
AVP0738,YMSPFYGYREGSHTE,Herpesviridae,Low,-
AVP0739,YGYREGSHTEHTTYA,Herpesviridae,Low,-
AVP0740,GSHTEHTTYAADRFK,Herpesviridae,Low,-
AVP0741,HTTYAADRFKQVDGF,Herpesviridae,Low,-
AVP0742,ADRFKQVDGFYARDL,Herpesviridae,Low,-
AVP0743,QVDGFYARDLTTKAR,Herpesviridae,Low,-
AVP0744,YARDLTTKARATAPT,Herpesviridae,Low,-
AVP0745,TTKARATAPTTRNLL,Herpesviridae,Low,-
AVP0746,ATAPTTRNLLTTPKF,Herpesviridae,Low,-
AVP0747,TRNLLTTPKFTVAWD,Herpesviridae,Low,-
AVP0748,TVAWDWVPKRPSVCT,Herpesviridae,Low,-
AVP0749,WVPKRPSVCTMTKWQ,Herpesviridae,Low,-
AVP0750,PSVCTMTKWQEVDEM,Herpesviridae,Low,-
AVP0751,MTKWQEVDEMLRSEY,Herpesviridae,Low,-
AVP0752,EVDEMLRSEYGGSFR,Herpesviridae,Low,-
AVP0753,LRSEYGGSFRFSSDA,Herpesviridae,Low,-
AVP0754,GGSFRFSSDAISTTF,Herpesviridae,Low,-
AVP0755,FSSDAISTTFTTNLT,Herpesviridae,Low,-
AVP0756,ISTTFTTNLTEYPLS,Herpesviridae,Low,-
AVP0757,TTNLTEYPLSRVDLG,Herpesviridae,Low,-
AVP0758,EYPLSRVDLGDCIGK,Herpesviridae,Low,-
AVP0759,RVDLGDCIGKDARDA,Herpesviridae,Low,-
AVP0760,DCIGKDARDAMDRIF,Herpesviridae,Low,-
AVP0761,DARDAMDRIFARRYN,Herpesviridae,Low,-
AVP0762,MDRIFARRYNATHIK,Herpesviridae,Low,-
AVP0763,ARRYNATHIKVGQPQ,Herpesviridae,Low,-
AVP0764,ATHIKVGQPQYYQAN,Herpesviridae,Low,-
AVP0765,YYQANGGFLIAYQPL,Herpesviridae,Low,-
AVP0766,GGFLIAYQPLLSNTL,Herpesviridae,Low,-
AVP0767,AYQPLLSNTLAELYV,Herpesviridae,Low,-
AVP0768,LSNTLAELYVREHLR,Herpesviridae,Low,-
AVP0769,AELYVREHLREQSRK,Herpesviridae,Low,-
AVP0770,REHLREQSRKPPNPT,Herpesviridae,Low,-
AVP0771,EQSRKPPNPTPPPPG,Herpesviridae,Low,-
AVP0772,PPNPTPPPPGASANA,Herpesviridae,Low,-
AVP0773,PPPPGASANASVERI,Herpesviridae,Low,-
AVP0774,ASANASVERIKTTSS,Herpesviridae,Low,-
AVP0775,SVERIKTTSSIEFAR,Herpesviridae,Low,-
AVP0776,LQFTYNHIQRHVNDM,Herpesviridae,Low,-
AVP0777,NHIQRHVNDMLGRVA,Herpesviridae,Low,-
AVP0778,HVNDMLGRVAIAWCE,Herpesviridae,Low,-
AVP0779,LGRVAIAWCELQNHE,Herpesviridae,Low,-
AVP0780,IAWCELQNHELTLWN,Herpesviridae,Low,-
AVP0781,LQNHELTLWNEARKL,Herpesviridae,Low,-
AVP0782,LTLWNEARKLNPNAI,Herpesviridae,Low,-
AVP0783,EARKLNPNAIASVTV,Herpesviridae,Low,-
AVP0784,NPNAIASVTVGRRVS,Herpesviridae,Low,-
AVP0785,ASVTVGRRVSARMLG,Herpesviridae,Low,-
AVP0786,GRRVSARMLGDVMAV,Herpesviridae,Low,-
AVP0787,ARMLGDVMAVSTCVP,Herpesviridae,Low,-
AVP0788,DVMAVSTCVPVAADN,Herpesviridae,Low,-
AVP0789,STCVPVAADNVIVQN,Herpesviridae,Low,-
AVP0790,VIVQNSMRISSRPGA,Herpesviridae,Low,-
AVP0791,SMRISSRPGACYSRP,Herpesviridae,Low,-
AVP0792,SRPGACYSRPLVSFR,Herpesviridae,Low,-
AVP0793,CYSRPLVSFRYEDQG,Herpesviridae,Low,-
AVP0794,LVSFRYEDQGPLVEG,Herpesviridae,Low,-
AVP0795,YEDQGPLVEGQLGEN,Herpesviridae,Low,-
AVP0796,PLVEGQLGENNELRL,Herpesviridae,Low,-
AVP0797,QLGENNELRLTRDAI,Herpesviridae,Low,-
AVP0798,NELRLTRDAIEPCTV,Herpesviridae,Low,-
AVP0799,TRDAIEPCTVGHRRY,Herpesviridae,Low,-
AVP0800,EPCTVGHRRYFTFGG,Herpesviridae,Low,-
AVP0801,FTFGGGYVYFEEYAY,Herpesviridae,Low,-
AVP0802,GYVYFEEYAYSHQLS,Herpesviridae,Low,-
AVP0803,EEYAYSHQLSRADIT,Herpesviridae,Low,-
AVP0804,SHQLSRADITTVSTF,Herpesviridae,Low,-
AVP0805,RADITTVSTFIDLNI,Herpesviridae,Low,-
AVP0806,TVSTFIDLNITMLED,Herpesviridae,Low,-
AVP0807,IDLNITMLEDHEFVP,Herpesviridae,Low,-
AVP0808,TMLEDHEFVPLEVYT,Herpesviridae,Low,-
AVP0809,LEVYTRHEIKDSGLL,Herpesviridae,Low,-
AVP0810,RHEIKDSGLLDYTEV,Herpesviridae,Low,-
AVP0811,DSGLLDYTEVQRRNQ,Herpesviridae,Low,-
AVP0812,DYTEVQRRNQLHDLR,Herpesviridae,Low,-
AVP0813,QRRNQLHDLRFADID,Herpesviridae,Low,-
AVP0814,LHDLRFADIDTVIHA,Herpesviridae,Low,-
AVP0815,FADIDTVIHADANAA,Herpesviridae,Low,-
AVP0817,LNITNSHVSILQERPPLENRVL,Retroviridae,5.8,μM
AVP0818,CFLNITNSHVSILQERPPLENRV,Retroviridae,0.19±0.01,μM
AVP0819,CFLNITNSHVSILQEAPPLENRV,Retroviridae,1.55±0.08,μM
AVP0820,CFLNITNSHVSILQEAPPLENAV,Retroviridae,8.5,μM
AVP0821,LYGNEGCGWAGWLLSPRG,Flaviviridae,80,%
AVP0822,GWAGWLLSPRGSRPSWGP,Flaviviridae,15,%
AVP0823,GWAGWLLSPRGSRPS,Flaviviridae,50,%
AVP0825,RRKKAAVALLPAVLLALLA,Poxviridae,-0.1,mOD/min
AVP0826,RRKKAAVALLPAVLLALL,Poxviridae,0.01,mOD/min
AVP0827,RRKKAAVALLPAVLLAL,Poxviridae,8.76,mOD/min
AVP0828,RRKKAAVALLPAVLLA,Poxviridae,3.45,mOD/min
AVP0829,RRKKAAVALLPAVLL,Poxviridae,5.55,mOD/min
AVP0830,RRKKAAVALLPAVL,Poxviridae,4.76,mOD/min
AVP0831,RRKKAAVALLPAV,Poxviridae,4.34,mOD/min
AVP0832,RRKKAAVALLPA,Poxviridae,5.55,mOD/min
AVP0833,RRKKAAVALLP,Poxviridae,4.45,mOD/min
AVP0834,RRKKAAVALL,Poxviridae,4.83,mOD/min
AVP0835,RRKKAAVAL,Poxviridae,4.3,mOD/min
AVP0836,RRKKAAVA,Poxviridae,3.02,mOD/min
AVP0837,RRKKAAV,Poxviridae,3.97,mOD/min
AVP0838,RRKKAA,Poxviridae,4.1,mOD/min
AVP0839,RRKKA,Poxviridae,4.46,mOD/min
AVP0840,RRKK,Poxviridae,2.567,mOD/min
AVP0841,RRKKAVALLPAVLLALLAP,Poxviridae,-0.2,mOD/min
AVP0842,RRKKVALLPAVLLALLAP,Poxviridae,0.021,mOD/min
AVP0843,RRKKALLPAVLLALLAP,Poxviridae,0.46,mOD/min
AVP0844,RRKKLLPAVLLALLAP,Poxviridae,0.07,mOD/min
AVP0845,RRKKLPAVLLALLAP,Poxviridae,4.68,mOD/min
AVP0846,RRKKVLLALLAP,Poxviridae,8.91,mOD/min
AVP0847,RRKKLLALLAP,Poxviridae,5.67,mOD/min
AVP0848,RRKKALLAP,Poxviridae,4,mOD/min
AVP0849,RRKKLLAP,Poxviridae,4.5,mOD/min
AVP0850,RRKKLAP,Poxviridae,4.58,mOD/min
AVP0851,RRKKAP,Poxviridae,4.72,mOD/min
AVP0852,RRKKP,Poxviridae,6.36,mOD/min
AVP0856,RRKKAAVAALPAVLLALLAP,Poxviridae,1.09,mOD/min
AVP0857,RRKKAAVALAPAVLLALLAP,Poxviridae,1.09,mOD/min
AVP0858,RRKKAAVALLPAVALALLAP,Poxviridae,3.38,mOD/min
AVP0859,RRKKAAVALLPAVLAALLAP,Poxviridae,0.8,mOD/min
AVP0860,RRKKAAVALLKAVLLAALAP,Poxviridae,-0.06,mOD/min
AVP0861,RRKKAAVALLKAVLLALAAP,Poxviridae,-0.21,mOD/min
AVP0862,RRKKAAVAKLPAVLLALLAP,Poxviridae,4.06,mOD/min
AVP0863,RRKKAAVALKPAVLLALLAP,Poxviridae,1.58,mOD/min
AVP0864,RRKKAAVALLPAVKLALLAP,Poxviridae,-0.03,mOD/min
AVP0865,RRKKAAVALLPAVLKALLAP,Poxviridae,1.05,mOD/min
AVP0866,RRKKAAVALLPAVLLAKLAP,Poxviridae,2.46,mOD/min
AVP0867,RRKKAAVALLKAVLLALKAP,Poxviridae,0.11,mOD/min
AVP0868,RRKKAAVAELPAVLLALLAP,Poxviridae,5.11,mOD/min
AVP0869,RRKKAAVALEPAVLLALLAP,Poxviridae,4.7,mOD/min
AVP0870,RRKKAAVALLPAVELALLAP,Poxviridae,4.32,mOD/min
AVP0871,RRKKAAVALLPAVLEALLAP,Poxviridae,0.53,mOD/min
AVP0872,RRKKAAVALLPAVLLAELAP,Poxviridae,6.43,mOD/min
AVP0873,RRKKAAVALLPAVLLALEAP,Poxviridae,4.87,mOD/min
AVP0874,RQLVLRTR,Poxviridae,75,%
AVP0875,EALMWEGF,Poxviridae,40,%
AVP0876,CDQRTTRLC,Bunyaviridae,8.45,%
AVP0877,CPHDPNHPC,Bunyaviridae,9.94,%
AVP0878,CQSQTRNHC,Bunyaviridae,11.76,%
AVP0879,CLQDMRQFC,Bunyaviridae,13.26,%
AVP0880,CLPTDPIQC,Bunyaviridae,15.7,%
AVP0881,CPDHPFLRC,Bunyaviridae,16.65,%
AVP0882,CSTRAENQC,Bunyaviridae,17.56,%
AVP0883,CPSHLDAFC,Bunyaviridae,18.98,%
AVP0884,CKTGHMRIC,Bunyaviridae,20.84,%
AVP0885,CVRTPTHHC,Bunyaviridae,20.89,%
AVP0886,CSGVINTTC,Bunyaviridae,21.57,%
AVP0887,CPLASTRTC,Bunyaviridae,21.65,%
AVP0888,CSQFPPRLC,Bunyaviridae,22.19,%
AVP0889,CLLNKQNAC,Bunyaviridae,22.34,%
AVP0890,CKFPLNAAC,Bunyaviridae,22.89,%
AVP0891,CSLTPHRSC,Bunyaviridae,23.63,%
AVP0892,CKPWPMYSC,Bunyaviridae,23.71,%
AVP0893,CLQHDALNC,Bunyaviridae,24.01,%
AVP0894,CNANKPKMC,Bunyaviridae,24.67,%
AVP0895,CPKHVLKVC,Bunyaviridae,25.3,%
AVP0896,CTPDKKSFC,Bunyaviridae,26.91,%
AVP0897,CHGKAALAC,Bunyaviridae,27.22,%
AVP0898,CNLMGNPHC,Bunyaviridae,28.08,%
AVP0899,CLKNWFQPC,Bunyaviridae,28.64,%
AVP0900,CKEYGRQMC,Bunyaviridae,28.76,%
AVP0901,CQPSDPHLC,Bunyaviridae,29.44,%
AVP0902,CSHLPPNRC,Bunyaviridae,29.7,%
AVP0903,CSPLLRTVC,Bunyaviridae,33.05,%
AVP0904,CHKGHTWNC,Bunyaviridae,34.17,%
AVP0905,CINASHAHC,Bunyaviridae,35.62,%
AVP0906,CWPPSSRTC,Bunyaviridae,36.75,%
AVP0907,CPSSPFNHC,Bunyaviridae,37.78,%
AVP0908,CEHLSHAAC,Bunyaviridae,38.47,%
AVP0909,CQDRKTSQC,Bunyaviridae,38.74,%
AVP0910,CTDVYRPTC,Bunyaviridae,38.9,%
AVP0911,CGEKSAQLC,Bunyaviridae,39.11,%
AVP0912,CSAAERLNC,Bunyaviridae,40.13,%
AVP0913,CFRTLEHLC,Bunyaviridae,42.07,%
AVP0914,CEKLHTASC,Bunyaviridae,43.6,%
AVP0915,CSLHSHKGC,Bunyaviridae,45.11,%
AVP0916,CNSHSPVHC,Bunyaviridae,45.4,%
AVP0917,CMQSAAAHC,Bunyaviridae,48.88,%
AVP0918,CPAASHPRC,Bunyaviridae,51.84,%
AVP0919,CKSLGSSQC,Bunyaviridae,53.9,%
AVP0920,CPSNVNNIC,Bunyaviridae,61.11,%
AVP0921,CHPGSSSRC,Bunyaviridae,1.01,%
AVP0922,CSLSPLGRC,Bunyaviridae,10.56,%
AVP0923,CTARYTQHC,Bunyaviridae,12.86,%
AVP0924,CHGVYALHC,Bunyaviridae,12.91,%
AVP0925,CLQHNEREC,Bunyaviridae,16.79,%
AVP0926,CHPSTHRYC,Bunyaviridae,17.23,%
AVP0927,CPGNWWSTC,Bunyaviridae,19.34,%
AVP0928,CGMLNWNRC,Bunyaviridae,19.48,%
AVP0929,CPHTQFWQC,Bunyaviridae,20.44,%
AVP0930,CTPTMHNHC,Bunyaviridae,20.92,%
AVP0931,CDQVAGYSC,Bunyaviridae,21.79,%
AVP0932,CIPMMTEFC,Bunyaviridae,24.33,%
AVP0933,CERPYSRLC,Bunyaviridae,24.38,%
AVP0934,CPSLHTREC,Bunyaviridae,25.06,%
AVP0935,CSPLQIPYC,Bunyaviridae,26.3,%
AVP0936,CTTMTRMTC,Bunyaviridae,29.27,%
AVP0937,CNKPFSLPC,Bunyaviridae,30.09,%
AVP0938,CHNLESGTC,Bunyaviridae,31.63,%
AVP0939,CNSVPPYQC,Bunyaviridae,31.96,%
AVP0940,CSDSWLPRC,Bunyaviridae,32.95,%
AVP0941,CSAPFTKSC,Bunyaviridae,33.4,%
AVP0942,CEGLPNIDC,Bunyaviridae,35.63,%
AVP0943,CTSTHTKTC,Bunyaviridae,36.28,%
AVP0944,CLSIHSSVC,Bunyaviridae,36.4,%
AVP0945,CPWSTQYAC,Bunyaviridae,36.81,%
AVP0946,CTGSNLPIC,Bunyaviridae,36.83,%
AVP0947,CSLAPANTC,Bunyaviridae,39.73,%
AVP0948,CGLKTNPAC,Bunyaviridae,39.75,%
AVP0949,CRDTTPWWC,Bunyaviridae,40.08,%
AVP0950,CHTNASPHC,Bunyaviridae,40.26,%
AVP0951,CTSMAYHHC,Bunyaviridae,41.89,%
AVP0952,CSLSSPRIC,Bunyaviridae,42.13,%
AVP0953,CVSLEHQNC,Bunyaviridae,45.54,%
AVP0954,CRVTQTHTC,Bunyaviridae,46.55,%
AVP0955,CPTTKSNVC,Bunyaviridae,49.28,%
AVP0956,CSPGPHRVC,Bunyaviridae,49.5,%
AVP0957,CKSTSNVYC,Bunyaviridae,51.2,%
AVP0958,CTVGPTRSC,Bunyaviridae,57.3,%
AVP0959,CPMSQNPTC,Bunyaviridae,65.6,%
AVP0960,CPKLHPGGC,Bunyaviridae,71.88,%
AVP0961,GWWYKGRARPVSAVA,Orthomyxoviridae,3.2,μM
AVP0962,RAVWRHSVATPSHSV,Orthomyxoviridae,6.5,μM
AVP0963,GAWYKGRARPVSAVA,Orthomyxoviridae,53,μM
AVP0964,GWWYKGRARAVSAVA,Orthomyxoviridae,89,μM
AVP0965,AVASVPRARGKYWWG,Orthomyxoviridae,44,μM
AVP0966,DFRRLPGAFWQLRQP,Orthomyxoviridae,52,μM
AVP0967,AETVESCLAKPHTEN,Orthomyxoviridae,66,μM
AVP0970,SFYSVLFLWGTCGGFSHSWY,Hepadnaviridae,58.1,%
AVP0971,CNDFRSKTC,Orthomyxoviridae,53,%
AVP0973,SSCNMGWDTPACCVWFPYWV,Herpesviridae,70,%
AVP0974,MAVGLVLCDWWLGEYLLEA,Herpesviridae,70,%
AVP0975,PVLQPALSLSCGPEPLLLSC,Herpesviridae,40,%
AVP0976,IEVTFVNRRGDGAELWYLSA,Herpesviridae,35,%
AVP0977,MDVNPTLLFLKVPAQNAISTTFPYT,Orthomyxoviridae,1.8,nM
AVP0978,VNPTLLFLKVPAQNAISTTFPYT,Orthomyxoviridae,661.77,nM
AVP0979,PTLLFLKVPAQNAISTTFPYT,Orthomyxoviridae,483,nM
AVP0980,LLFLKVPAQNAISTTFPYT,Orthomyxoviridae,>3000,nM
AVP0981,FLKVPAQNAISTTFPYT,Orthomyxoviridae,>3000,nM
AVP0982,KVPAQNAISTTFPYT,Orthomyxoviridae,>3000,nM
AVP0983,MDVNPTLLFLKVPAQNAIST,Orthomyxoviridae,33.8,nM
AVP0984,MDVNPTLLFLKVPAQNAI,Orthomyxoviridae,29.45,nM
AVP0985,MDVNPTLLFLKVPAQN,Orthomyxoviridae,45.86,nM
AVP0986,MDVNPTLLFLKVPAQ,Orthomyxoviridae,43.32,nM
AVP0987,MDVNPTLLFLKVPA,Orthomyxoviridae,34.53,nM
AVP0988,MDVNPTLLFLKVP,Orthomyxoviridae,138.17,nM
AVP0989,MDVNPTLLFLKV,Orthomyxoviridae,644,nM
AVP0990,MDVNPTLLFLK,Orthomyxoviridae,899,nM
AVP0991,MDVNPTLLFL,Orthomyxoviridae,>3000,nM
AVP0992,MDVNPTLLF,Orthomyxoviridae,>3000,nM
AVP0993,MDVNPTLL,Orthomyxoviridae,>3000,nM
AVP0994,MDVNPTL,Orthomyxoviridae,>3000,nM
AVP0995,MDVNPT,Orthomyxoviridae,>3000,nM
AVP0996,MNINPYPLFIDVPIQ,Orthomyxoviridae,>3000,nM
AVP0997,MNINPTLLFLKVPIQ,Orthomyxoviridae,6.69,nM
AVP0998,MDVNPTLLFIDVPAQ,Orthomyxoviridae,>3000,nM
AVP0999,MNINPTLLFLKVPAQ,Orthomyxoviridae,12.96,nM
AVP1000,MDVNPYFLFLKVPAQ,Orthomyxoviridae,7.51,nM
AVP1001,MDVNPTFLFLKVPAQ,Orthomyxoviridae,>3000,nM
AVP1002,MDVNPYLLFLKVPAQ,Orthomyxoviridae,21.64,nM
AVP1003,MDVNPFLLFLKVPAQ,Orthomyxoviridae,2.84,nM
AVP1004,MDVNPWLLFLKVPAQ,Orthomyxoviridae,3.4,nM
AVP1005,MDVNPHLLFLKVPAQ,Orthomyxoviridae,292.16,nM
AVP1006,MDVNPCLLFLKVPAQ,Orthomyxoviridae,43.58,nM
AVP1019,QKKIRVRLSA,Herpesviridae,Low,-
AVP1020,QKKIRVRL,Herpesviridae,Low,-
AVP1021,QKKIRVRWSA,Herpesviridae,High,-
AVP1022,NKKIRVRL,Herpesviridae,Low,-
AVP1023,ASLRVRIKKQ,Herpesviridae,>90,%
AVP1024,ASLRVRIKK,Herpesviridae,>90,%
AVP1025,FKKIRVRL,Herpesviridae,Low,-
AVP1026,QKKIRVRISA,Herpesviridae,High,-
AVP1027,QKKIRVRLSW,Herpesviridae,High,-
AVP1028,QKKIRVRFSA,Herpesviridae,High,-
AVP1029,QKKIRFRLSA,Herpesviridae,Medium,-
AVP1030,QKKIRIRLSA,Herpesviridae,High,-
AVP1031,QKKIRWRLSA,Herpesviridae,Medium,-
AVP1032,QKKFRVRLSA,Herpesviridae,Medium,-
AVP1033,SFAIKWEYVLLLFLL,Flaviviridae,91,%
AVP1034,FAIKWEYVLLLFLL,Flaviviridae,95,%
AVP1035,AIKWEYVLLLFLL,Flaviviridae,92,%
AVP1036,IKWEYVLLLFLL,Flaviviridae,88,%
AVP1037,KWEYVLLLFLL,Flaviviridae,78,%
AVP1038,WEYVLLLFLL,Flaviviridae,82,%
AVP1039,VSFAIKWEYVLLLFL,Flaviviridae,63,%
AVP1040,VSFAIKWEYVLLLF,Flaviviridae,49,%
AVP1041,VSFAIKWEYVLLL,Flaviviridae,49,%
AVP1042,VSFAIKWEYVLL,Flaviviridae,44,%
AVP1043,VSFAIKWEYVL,Flaviviridae,17,%
AVP1044,MEHFPGP,Picornaviridae,40,%
AVP1045,TLPRPGP,Picornaviridae,20,%
AVP1046,LPRPGP,Picornaviridae,60,%
AVP1047,PRPGP,Picornaviridae,40,%
AVP1048,RPGP,Picornaviridae,100,%
AVP1049,PGP,Picornaviridae,80,%
AVP1050,TLPGP,Picornaviridae,40,%
AVP1051,TLPR,Picornaviridae,20,%
AVP1052,TLP,Picornaviridae,40,%
AVP1053,LPR,Picornaviridae,40,%
AVP1054,RP,Picornaviridae,40,%
AVP1055,GP,Picornaviridae,60,%
AVP1056,RWMVWRHWFHRLRLPYNPGKNKQNQQWP,Flaviviridae,8±1,μM
AVP1057,RQMRAWGQDYQHGGMGYSC,Flaviviridae,36±6,μM
AVP1058,FWFTLIKTQAKQPARYRRFC,Flaviviridae,7±4,μM
AVP1059,RRRRRRRRHPAEPGSTVTTQNTASQTMS,Asfarviridae,20,μM
AVP1060,MSTNPKPQRKTKRNTNRRPQDVKFPGGGQIVGGVYL,Flaviviridae,High,-
AVP1061,MSTNPKPQRKTKRNTNRRPQDVKFPGGGQIVGGVY,Flaviviridae,Nil,-
AVP1062,MSTNPKPQRKTKRNTNRRPQDVKFPGGGQIVGGV,Flaviviridae,Nil,-
AVP1063,TKRNTNRRPQDVKFPGGGQIVGGVYL,Flaviviridae,High,-
AVP1064,NRRPQDVKFPGGGQIVGGVYL,Flaviviridae,High,-
AVP1065,DVKFPGGGQIVGGVYL,Flaviviridae,Nil,-
AVP1066,NRRPQDVKFPGGGQIVGGVY,Flaviviridae,Nil,-
AVP1067,NRRPQDVKFPGGGQIVGGV,Flaviviridae,Nil,-
AVP1068,CHRCFHFRRHPVAVF,Flaviviridae,High,-
AVP1069,TRHRHVPRFLPLRHV,Flaviviridae,High,-
AVP1092,RRKKPAVLLALLAP,Orthomyxoviridae,96±0,%
AVP1093,RRKKAVLLALLAP,Orthomyxoviridae,97±2,%
AVP1096,RRKKLALLAP,Orthomyxoviridae,0,%
AVP1102,DQYLESVKKIHKRLDV,Herpesviridae,Nil,-
AVP1103,SWSTLTANQNPSPPWSKLTY,Herpesviridae,High,-
AVP1104,SDFRRQNRRGGTNKRTT,Herpesviridae,High,-
AVP1105,LAEGPPVKECAVTCRYDKDADINVVTQARN,Flaviviridae,0,%
AVP1106,AVSPTTLRTEVVKTFRRDKPFPHRMDCVTT,Flaviviridae,80,%
AVP1107,WCNWHNIDPWIQLMNRTQADLAEGPPVKEC,Flaviviridae,42,%
AVP1108,VSRRYLASLHKKALPTSVTFELLFDGTNPS,Flaviviridae,80,%
AVP1109,YLRGVNRSLHGIWPGKICKGVPTHLATDVE,Flaviviridae,90,%
AVP1110,VPTHLATDVELKEIQGMMDASEGTNYTCCK,Flaviviridae,40,%
AVP1111,TTVKVHASDERLGPMPCRPKEIVSSAGPVM,Flaviviridae,80,%
AVP1112,ELLFDGTNPSTEEMGDDFRSGLCPFDTSPV,Flaviviridae,25,%
AVP1113,VEDTLYGDHECGSLLQDAALYLVDGMTNTI,Flaviviridae,25,%
AVP1114,VKQCRWCGFDFDGPDGLPHYPIGKCILANE,Flaviviridae,35,%
AVP1115,TLKNRYYEPRDSYFQQYMLKGEYQYWFDLD,Flaviviridae,0,%
AVP1116,GLCPFDTSPVVKGKYNTTLLNGSAFYLVCP,Flaviviridae,90,%
AVP1117,YGRKKRRQRRRGSGIEPHDWTKNITDKIDQIIHDFVDK,Filoviridae,99,%
AVP1122,LRSRTKIIRIRH,Herpesviridae,0.02to0.03,nM
AVP1123,MPRRRRIRRRQK,Herpesviridae,0.02to0.03,nM
AVP1124,YADHTGLVRDNMAKLRERLKQRQQLFDSQQGWFEGWFNRSPWFTT,Retroviridae,Low,-
AVP1125,YADHTGLVRDNMAKL,Retroviridae,Low,-
AVP1126,GLVRDNMAKLRERLK,Retroviridae,Low,-
AVP1127,NMAKLRERLKQRQQL,Retroviridae,Low,-
AVP1128,RERLKQRQQLFDSQQ,Retroviridae,Low,-
AVP1129,QRQQLFDSQQGWFEG,Retroviridae,Low,-
AVP1130,FDSQQGWFEGWFNRS,Retroviridae,Low,-
AVP1131,GWFEGWFNRSPWFTT,Retroviridae,Medium,-
AVP1132,KQRQQLFDSQQGWFEGWFNRSPWFT,Retroviridae,Medium,-
AVP1133,VRDNMAKLRERLKQRQQLFDSQQGWFEGWFNRSPWFT,Retroviridae,High,-
AVP1134,VEENMKKLEERLKKREELFKKQEEWFKKWFERSKKFT,Retroviridae,Medium,-
AVP1135,VEELMKLLEELLKKLEELFKKLEEWFKKWFELSKKFT,Retroviridae,Medium,-
AVP1136,YTSLIHSLIEESQNQQEKNEQELLELDKWASLWNWF,Retroviridae,High,-
AVP1137,PPLASMSPLPATDPPPLEGAHPELGVPPP,Orthomyxoviridae,Low,-
AVP1138,PPGETPTPVSDLWPPPSYQGRPSRQGHPP,Orthomyxoviridae,Low,-
AVP1139,PPFLSYLPAETDFPPPEARETPEPFSNPP,Orthomyxoviridae,Low,-
AVP1140,PPEPSDLPPGNPVPPPLNYGDPTKLRSPP,Orthomyxoviridae,Low,-
AVP1141,PPWCCCSPMKRASPPPAQSDLPATPKCPP,Orthomyxoviridae,40,%
AVP1142,PPGTGEEPEQAGLPPPELLVEPDYMWSPP,Orthomyxoviridae,Low,-
AVP1143,PPPTHQSPNTTDMPPPATLSGPTGINRPP,Orthomyxoviridae,Low,-
AVP1144,PPLRYSPPGQRVIPPPADERFLRFLVFHLNKIRIRAREIYES,Orthomyxoviridae,Low,-
AVP1145,PPTCYVPPHSPATPPPSVRISLLRLVFTLIRSEFELERSMNRRY,Orthomyxoviridae,Low,-
AVP1146,PPVCETGPLHPPSPPPLVRISLILVFVHLNKIRIRAREIYES,Orthomyxoviridae,Low,-
AVP1147,PPLAVMRPGIQILPPPGTDVHPK,Orthomyxoviridae,Low,-
AVP1148,PPSHRTTPASRSLPPLRVFVVLSFSGVHLNKIRIRAREIYES,Orthomyxoviridae,Low,-
AVP1149,PPGKQHTPTSFTHPPPADILLPLSAMIHLNKIRIRAREIYES,Orthomyxoviridae,Low,-
AVP1150,PPGSLGWPPNTTEPPPYLRLRLIFLFIHLNKIRIRAREIYES,Orthomyxoviridae,Low,-
AVP1151,PPDGCNRPQQSRKPPPRCLICLMVGLIHLNKIRIRAREIYES,Orthomyxoviridae,Low,-
AVP1152,PPDEGYPPMRMQVPPLGGRIILVRVLLHLNKIRIRAREIYES,Orthomyxoviridae,Low,-
AVP1153,PPESNHPPWKGPYPPPTSNVNPLILLSHLNKIRIRAREIYES,Orthomyxoviridae,Low,-
AVP1154,CTLCRVVDCCLYAIVFVMVRVVVLCVNKIRIRAREIYES,Orthomyxoviridae,Low,-
AVP1155,CICCCMCVLYAVLWWLSVLVSLCELLIRSEFELERSMNRRY,Orthomyxoviridae,Low,-
AVP1156,CSRCLELALCLDPAN,Orthomyxoviridae,Low,-
AVP1157,CCGCCYIAACARNNSNCSSHLECSTC,Orthomyxoviridae,Low,-
AVP1158,CS,Orthomyxoviridae,Low,-
AVP1159,EELRVRLASHLRKLRKRLLRDADDLQKRLAVYEEQAQQIRLQAEAFQARLKSWFEPLVEDM,Flaviviridae,0.67,μM
AVP1160,CEELRVRLASHLRKLRKRLLRDADDLQKRLAVY,Flaviviridae,0.5,μM
AVP1161,EELRVRLASHLRKLRKRLLRDADDLQKRLAVY,Flaviviridae,>10,μM
AVP1162,CEEIRARLSTHLRKMRKRLMRDADDLQKRLAVY,Flaviviridae,>10,μM
AVP1163,CEEQAQQIRLQAEAFQARLKSWFEPLVEDM,Flaviviridae,>10,μM
AVP1164,CVRLASHLRKLRKRLLRDADDL,Flaviviridae,>10,μM
AVP1165,CIRLQAEAFQARLKSWFEPLV,Flaviviridae,>10,μM
AVP1166,VRLASHLRKLRKRLLRDADDLIRLQAEAFQARLKSWFEPLV,Flaviviridae,>10,μM
AVP1167,LRVRLASHLRKLRKRLLRDADDLQKRLAVY,Flaviviridae,>10,μM
AVP1168,EELRVRLASHLRKLRKRLLRDADDL,Flaviviridae,>10,μM
AVP1169,VRLASHLRKLRKRLLRDADDLQKRLAVY,Flaviviridae,>10,μM
AVP1170,CVRLASHLRKLRKRLLRDADDLQKRLAVY,Flaviviridae,0.8,μM
AVP1171,CLRVRLASHLRKLRKRLLRDADDL,Flaviviridae,4,μM
AVP1172,CLRKLRKRLLRC,Flaviviridae,>10,μM
AVP1173,MANAGLQLLGFILAFLGW,Flaviviridae,2.1±0.5,μM
AVP1174,GLQLLGFILAFLGWIGAI,Flaviviridae,>25,μM
AVP1175,LLGFILAFLGWIGAIVST,Flaviviridae,4.3±0.3,μM
AVP1176,FILAFLGWIGAIVSTALP,Flaviviridae,8.9±1.0,μM
AVP1177,AFLGWIGAIVSTALPQWR,Flaviviridae,12.5±1.5,μM
AVP1178,GWIGAIVSTALPQWRIYS,Flaviviridae,21.5±1.9,μM
AVP1179,GAIVSTALPQWRIYSYAG,Flaviviridae,23.8±2.1,μM
AVP1180,VSTALPQWRIYSYAGDNI,Flaviviridae,>25,μM
AVP1181,ALPQWRIYSYAGDNIVTA,Flaviviridae,>25,μM
AVP1182,MANAGLQLLGFILA,Flaviviridae,>25,μM
AVP1183,MANAGLQLLGFILAFL,Flaviviridae,7.6±0.9,μM
AVP1184,MANAGLQLLGFILAFLGWIG,Flaviviridae,17.8±1.1,μM
AVP1185,MANAGLQLLGFILAFLGWIGAI,Flaviviridae,4.0±0.3,μM
AVP1186,MANAGLQLLGFILAFLGWIGAIVS,Flaviviridae,5.1±0.6,μM
AVP1188,AGALMFAWLLLGLQGIFN,Flaviviridae,>25,μM
AVP1189,MASAGMQILGVVLTLLGW,Flaviviridae,>25,μM
AVP1190,MANSGLQLLGFSMALLGW,Flaviviridae,>25,μM
AVP1191,MASTGLELLGMTLAVLGW,Flaviviridae,>25,μM
AVP1192,ATSSANSKA,Flaviviridae,10,μM
AVP1193,GMCTEKFY,Flaviviridae,20,%
AVP1194,SKHSSLDCVLRP,Orthomyxoviridae,4±0.37,EC50 (pM)
AVP1195,AGDDQGLDKCVPNSKEK,Orthomyxoviridae,3.7±0.35,EC50 (pM)
AVP1196,NGESSADWAKN,Orthomyxoviridae,225±1.16,EC50 (pM)
AVP1197,VCYFMVFLQYGRKKRRQRR,Herpesviridae,High,-
AVP1199,CGYKLC,Flaviviridae,16.7,μM
AVP1200,CGYGLC,Flaviviridae,15.1,Ki (μM)
AVP1202,CGYKGC,Flaviviridae,12,Ki (μM)
AVP1203,CGYKRC,Flaviviridae,5,Ki (μM)
AVP1204,CGKRRC,Flaviviridae,3.5,Ki (μM)
AVP1205,CGKRKLC,Flaviviridae,6.7,μM
AVP1206,CGKRKSC,Flaviviridae,3.3,μM
AVP1207,AGKRKSG,Flaviviridae,16.7,μM
AVP1208,CAGKRKSG,Flaviviridae,6.7,μM
AVP1211,GELGRLVYLLDGPGYDPIHCSLAYGDASTLVVF,Flaviviridae,20.7±3.6,nM
AVP1212,GELGRLVYLLDGPGYDPI,Flaviviridae,125.4,nM
AVP1213,HCSLAYGDASTLVVF,Flaviviridae,>>1,nM
AVP1214,GELGRPVYVLGDPGYYATHCIYATTNDALIFSV,Flaviviridae,25.6±3.5,nM
AVP1215,GELGRPVYVLGDPGYYAT,Flaviviridae,227.6,nM
AVP1216,HCIYATTNDALIFSV,Flaviviridae,>>1,nM
AVP1217,GELGRIPSDTYDLAVGALHCPFYLVSGLVYLDG,Flaviviridae,>>1,nM
AVP1218,GELGRLVYLLDGPGYDPIHCDVVTRGGSHLFNF,Flaviviridae,11.3±1.6,nM
AVP1219,GELDELVYLLDGPGYDPIHCDVVTRGGSRLFNF,Flaviviridae,1.14±0.053,nM
AVP1220,GELGRLVYLLDGPGYDPIHCD,Flaviviridae,124,nM
AVP1221,GELDELVYLLDGPGYDPIHS,Flaviviridae,22.8,nM
AVP1222,RQIKINFQNRRMKNKKGELDELVYLLDGPGYDPIHS,Flaviviridae,23.6,nM
AVP1223,LLDCWVRLGRYLLRRLKT,Flaviviridae,10,μM
AVP1224,LLDCWVRLGRYLLRRLKTPFTRL,Flaviviridae,15,μM
AVP1225,LLDCWVRLGRYLLRRLKTPFT,Flaviviridae,>20,μM
AVP1226,LLDCWVRLGRYLLRRLKTP,Flaviviridae,3,μM
AVP1227,LLDCWVRLGRYLLRRLK,Flaviviridae,5,μM
AVP1228,LDCWVRLGRYLLRRLKTPFTRL,Flaviviridae,>20,μM
AVP1229,CWVRLGRYLLRRLKTPFTRL,Flaviviridae,12,μM
AVP1230,LDCWVRLGRYLLRRLKTP,Flaviviridae,4,μM
AVP1231,DCWVRLGRYLLRRLKTPF,Flaviviridae,12,μM
AVP1232,CWVRLGRYLLRRLKTPFT,Flaviviridae,2,μM
AVP1233,WVRLGRYLLRRLKTPFTR,Flaviviridae,12,μM
AVP1234,VRLGRYLLRRLKTPFTRL,Flaviviridae,>20,μM
AVP1236,ESGRIKKEEFAEIMKICSTIEELRRQK,Orthomyxoviridae,High,-
AVP1237,KYKETDL,Flaviviridae,High,-
AVP1239,ALWMTLLKKVLKAAAKALNAVLVGANA,Herpesviridae,High,-
AVP1240,GIGAVLKVLTTGLPALISWIKRKRQQ,Herpesviridae,High,-
AVP1241,DHYNCVSSGGQCLYSACPIFTKIQGTCYRGKAKCCK,Herpesviridae,High,-
AVP1242,FKCRRWQWRMKKLGAPSITCVRRAF,Herpesviridae,High,-
AVP1243,KWCFRVCYRGICYRRCR,Herpesviridae,High,-
AVP1244,GCASRCKAKCAGRRCKGWASAFRGRCYCKCFRC,Herpesviridae,High,-
AVP1245,LLGDFFRKSKEKIGKEFKRIVQRIKDFLRNLVPRTES,Herpesviridae,High,-
AVP1246,FLPVLAGIAAKVVPALFCKITKKC,Herpesviridae,High,-
AVP1248,KWKLFKKIEKVGQNIRDGIIKAGPAVAVVGQATQIAK,Herpesviridae,High,-
AVP1249,QVYKGGYTRPIPRPPPFVRPLPGGPIGPYNGCPVSSCRGISFSQARSCCSRLGRCCHVGKGYS,Herpesviridae,High,-
AVP1250,HGLASTLTRWAHYNALIRAF,Herpesviridae,100,nM
AVP1251,YPYYPGEARGAP,Herpesviridae,1000,fold
AVP1252,GWVKPAKLDG,Flaviviridae,0,%
AVP1253,PWLKPGDLDL,Flaviviridae,40.6,%
AVP1254,IGVRPGKLDL,Flaviviridae,0,%
AVP1255,AGVKDGKLDF,Flaviviridae,84.6,%
AVP1256,YTPNITLNNSVALDPIDISIELNKAKSDLEESKE,Paramyxoviridae,Nil,-
AVP1257,TPNITLNNSVALDPIDISIELNKAKSDLEESKEW,Paramyxoviridae,Nil,-
AVP1258,PNITLNNSVALDPIDISIELNKAKSDLEESKEWI,Paramyxoviridae,Nil,-
AVP1259,NITLNNSVALDPIDISIELNKAKSDLEESKEWIR,Paramyxoviridae,Nil,-
AVP1260,ITLNNSVALDPIDISIELNKAKSDLEESKEWIRR,Paramyxoviridae,Nil,-
AVP1261,TLNNSVALDPIDISIELNKAKSDLEESKEWIRRS,Paramyxoviridae,Low,-
AVP1262,LNNSVALDPIDISIELNKAKSDLEESKEWIRRSN,Paramyxoviridae,Low,-
AVP1263,NNSVALDPIDISIELNKAKSDLEESKEWIRRSNQ,Paramyxoviridae,Low,-
AVP1264,NSVALDPIDISIELNKAKSDLEESKEWIRRSNQK,Paramyxoviridae,Low,-
AVP1265,SVALDPIDISIELNKAKSDLEESKEWIRRSNQKL,Paramyxoviridae,High,-
AVP1266,VALDPIDISIELNKAKSDLEESKEWIRRSNQKLD,Paramyxoviridae,High,-
AVP1267,ALDPIDISIELNKAKSDLEESKEWIRRSNQKLDS,Paramyxoviridae,Nil,-
AVP1268,LDPIDISIELNKAKSDLEESKEWIRRSNQKLDSI,Paramyxoviridae,High,-
AVP1269,DPIDISIELNKAKSDLEESKEWIRRSNQKLDSIG,Paramyxoviridae,High,-
AVP1270,PIDISIELNKAKSDLEESKEWIRRSNQKLDSIGN,Paramyxoviridae,High,-
AVP1271,IDISIELNKAKSDLEESKEWIRRSNQKLDSIGNW,Paramyxoviridae,High,-
AVP1272,DISIELNKAKSDLEESKEWIRRSNQKLDSIGNWH,Paramyxoviridae,High,-
AVP1273,ISIELNKAKSDLEESKEWIRRSNQKLDSIGNWHQ,Paramyxoviridae,Medium,-
AVP1274,SIELNKAKSDLEESKEWIRRSNQKLDSIGNWHQS,Paramyxoviridae,Medium,-
AVP1275,IELNKAKSDLEESKEWIRRSNQKLDSIGNWHQSS,Paramyxoviridae,Medium,-
AVP1276,ELNKAKSDLEESKEWIRRSNQKLDSIGNWHQSST,Paramyxoviridae,High,-
AVP1277,LNKAKSDLEESKEWIRRSNQKLDSIGNWHQSSTT,Paramyxoviridae,High,-
AVP1278,ALGVATSAQITAAVALVEAKQARSDIEKLKEAIRD,Paramyxoviridae,Medium,-
AVP1279,LGVATSAQITAAVALVEAKQARSDIEKLKEAIRDT,Paramyxoviridae,Medium,-
AVP1280,GVATSAQITAAVALVEAKQARSDIEKLKEAIRDTN,Paramyxoviridae,Low,-
AVP1281,VATSAQITAAVALVEAKQARSDIEKLKEAIRDTNK,Paramyxoviridae,Medium,-
AVP1282,ATSAQITAAVALVEAKQARSDIEKLKEAIRDTNKA,Paramyxoviridae,Medium,-
AVP1283,TSAQITAAVALVEAKQARSDIEKLKEAIRDTNKAV,Paramyxoviridae,Low,-
AVP1284,SAQITAAVALVEAKQARSDIEKLKEAIRDTNKAVQ,Paramyxoviridae,Medium,-
AVP1285,AQITAAVALVEAKQARSDIEKLKEAIRDTNKAVQS,Paramyxoviridae,High,-
AVP1286,QITAAVALVEAKQARSDIEKLKEAIRDTNKAVQSV,Paramyxoviridae,Medium,-
AVP1287,ITAAVALVEAKQARSDIEKLKEAIRDTNKAVQSVQ,Paramyxoviridae,Low,-
AVP1288,TAAVALVEAKQARSDIEKLKEAIRDTNKAVQSVQS,Paramyxoviridae,Low,-
AVP1289,AAVALVEAKQARSDIEKLKEAIRDTNKAVQSVQSS,Paramyxoviridae,Low,-
AVP1290,AVALVEAKQARSDIEKLKEAIRDTNKAVQSVQSSI,Paramyxoviridae,Low,-
AVP1291,VALVEAKQARSDIEKLKEAIRDTNKAVQSVQSSIG,Paramyxoviridae,Low,-
AVP1292,ALVEAKQARSDIEKLKEAIRDTNKAVQSVQSSIGN,Paramyxoviridae,Low,-
AVP1293,LVEAKQARSDIEKLKEAIRDTNKAVQSVQSSIGNL,Paramyxoviridae,Low,-
AVP1294,VEAKQARSDIEKLKEAIRDTNKAVQSVQSSIGNLI,Paramyxoviridae,Low,-
AVP1295,EAKQARSDIEKLKEAIRDTNKAVQSVQSSIGNLIV,Paramyxoviridae,High,-
AVP1296,KQARSDIEKLKEAIRDTNKAVQSVQSSIGNLIVAI,Paramyxoviridae,High,-
AVP1297,QARSDIEKLKEAIRDTNKAVQSVQSSIGNLIVAIK,Paramyxoviridae,High,-
AVP1298,ARSDIEKLKEAIRDTNKAVQSVQSSIGNLIVAIKS,Paramyxoviridae,Low,-
AVP1299,RSDIEKLKEAIRDTNKAVQSVQSSIGNLIVAIKSV,Paramyxoviridae,Low,-
AVP1300,SDIEKLKEAIRDTNKAVQSVQSSIGNLIVAIKSVQ,Paramyxoviridae,Nil,-
AVP1301,DIEKLKEAIRDTNKAVQSVQSSIGNLIVAIKSVQD,Paramyxoviridae,Nil,-
AVP1302,IEKLKEAIRDTNKAVQSVQSSIGNLIVAIKSVQDY,Paramyxoviridae,Nil,-
AVP1303,EKLKEAIRDTNKAVQSVQSSIGNLIVAIKSVQDYV,Paramyxoviridae,Nil,-
AVP1304,KLKEAIRDTNKAVQSVQSSIGNLIVAIKSVQDYVN,Paramyxoviridae,High,-
AVP1305,LKEAIRDTNKAVQSVQSSIGNLIVAIKSVQDYVNK,Paramyxoviridae,High,-
AVP1306,KEAIRDTNKAVQSVQSSIGNLIVAIKSVQDYVNKE,Paramyxoviridae,Nil,-
AVP1307,EAIRDTNKAVQSVQSSIGNLIVAIKSVQDYVNKEI,Paramyxoviridae,Nil,-
AVP1308,AIRDTNKAVQSVQSSIGNLIVAIKSVQDYVNKEIV,Paramyxoviridae,Nil,-
AVP1309,IRDTNKAVQSVQSSIGNLIVAIKSVQDYVNKEIVP,Paramyxoviridae,Nil,-
AVP1310,YTSVITIELSNIKENKCNGTDAKVKLIKQELDKYK,Paramyxoviridae,Medium,-
AVP1311,TSVITIELSNIKENKCNGTDAKVKLIKQELDKYKN,Paramyxoviridae,High,-
AVP1312,SVITIELSNIKENKCNGTDAKVKLIKQELDKYKNA,Paramyxoviridae,Nil,-
AVP1313,VITIELSNIKENKCNGTDAKVKLIKQELDKYKNAV,Paramyxoviridae,Nil,-
AVP1314,ITIELSNIKENKCNGTDAKVKLIKQELDKYKNAVT,Paramyxoviridae,Nil,-
AVP1315,TIELSNIKENKCNGTDAKVKLIKQELDKYKNAVTE,Paramyxoviridae,Nil,-
AVP1316,IELSNIKENKCNGTDAKVKLIKQELDKYKNAVTEL,Paramyxoviridae,Nil,-
AVP1317,ELSNIKENKCNGTDAKVKLIKQELDKYKNAVTELQ,Paramyxoviridae,Nil,-
AVP1318,LSNIKENKCNGTDAKVKLIKQELDKYKNAVTELQL,Paramyxoviridae,Nil,-
AVP1319,SNIKENKCNGTDAKVKLIKQELDKYKNAVTELQLL,Paramyxoviridae,Nil,-
AVP1320,NIKENKCNGTDAKVKLIKQELDKYKNAVTELQLLM,Paramyxoviridae,Nil,-
AVP1321,IKENKCNGTDAKVKLIKQELDKYKNAVTELQLLMQ,Paramyxoviridae,Nil,-
AVP1322,KENKCNGTDAKVKLIKQELDKYKNAVTELQLLMQS,Paramyxoviridae,Nil,-
AVP1323,ENKCNGTDAKVKLIKQELDKYKNAVTELQLLMQST,Paramyxoviridae,Nil,-
AVP1338,FDASISQVNEKINQSLAFIRKSDELLHNVNAGKSI,Paramyxoviridae,High,-
AVP1339,DASISQVNEKINQSLAFIRKSDELLHNVNAGKSIT,Paramyxoviridae,High,-
AVP1340,ADGALLGRMKGA,Hepadnaviridae,152±5,Kd Rel (nM)
AVP1341,ADGALLGRMKPA,Hepadnaviridae,767±8,Kd Rel (nM)
AVP1342,ADGSLLGRMKPA,Hepadnaviridae,322±50,Kd Rel (nM)
AVP1343,ADGALLGRMKRA,Hepadnaviridae,181±12,Kd Rel (nM)
AVP1344,ADGTLLGRMKLA,Hepadnaviridae,20±2,Kd Rel (nM)
AVP1345,ADGSLLGRMKGA,Hepadnaviridae,1.7±0.3,Kd Rel (nM)
AVP1346,ADRSLLGRMKGA,Hepadnaviridae,1.09±0.02,Kd Rel (nM)
AVP1347,ADGSRSSLLGRMKGA,Hepadnaviridae,1.96±0.32,Kd Rel (nM)
AVP1348,ADGAHSSLLGRMKGA,Hepadnaviridae,1.72±0.17,Kd Rel (nM)
AVP1349,ADGHRSSLLGRMKGA,Hepadnaviridae,1.40±0.13,Kd Rel (nM)
AVP1350,ADGPRSSLLGRMKGA,Hepadnaviridae,0.84±0.07,Kd Rel (nM)
AVP1351,ADGAHRSLLGRMKGA,Hepadnaviridae,0.94±0.12,Kd Rel (nM)
AVP1352,ADGYQRSLLGRMKGA,Hepadnaviridae,0.88±0.08,Kd Rel (nM)
AVP1353,ADGTQRSLLGRMKGA,Hepadnaviridae,0.84±0.06,Kd Rel (nM)
AVP1354,ADGMHRSLLGRMKGA,Hepadnaviridae,0.55±0.03,Kd Rel (nM)
AVP1357,LGRMKG,Hepadnaviridae,980±157,μM
AVP1358,GRMKG,Hepadnaviridae,Nil,-
AVP1359,LLGRM,Hepadnaviridae,Nil,-
AVP1360,CLLGRMKC,Hepadnaviridae,652±74,μM
AVP1361,ALLPRMKG,Hepadnaviridae,Nil,-
AVP1363,SLLGRMK,Hepadnaviridae,40.7±4.8,μM
AVP1366,DGSLLGRMKGAA,Hepadnaviridae,3.0±0.4,μM
AVP1367,ADGSLLGRMKGAAG,Hepadnaviridae,4.5±0.8,μM
AVP1369,RSLLGRMKGA,Hepadnaviridae,0.29±0.02,μM
AVP1370,HRSLLGRMKGA,Hepadnaviridae,0.50±0.04,μM
AVP1371,MHRSLLGRMKGA,Hepadnaviridae,0.80±0.10,μM
AVP1393,AKQARSDIEKLKEAIRDTNKAVQSVQSSIGNLIVA,Paramyxoviridae,High,-
AVP1402,LHRIDLGPPISLERLDVGTNLGNAIAKLEAKELL,Paramyxoviridae,High,-
AVP1403,HRIDLGPPISLERLDVGTNLGNAIAKLEAKELLE,Paramyxoviridae,High,-
AVP1404,RIDLGPPISLERLDVGTNLGNAIAKLEAKELLES,Paramyxoviridae,High,-
AVP1405,IDLGPPISLERLDVGTNLGNAIAKLEAKELLESS,Paramyxoviridae,High,-
AVP1406,DLGPPISLERLDVGTNLGNAIAKLEAKELLESSD,Paramyxoviridae,High,-
AVP1407,LGPPISLERLDVGTNLGNAIAKLEAKELLESSDQ,Paramyxoviridae,High,-
AVP1408,GPPISLERLDVGTNLGNAIAKLEAKELLESSDQI,Paramyxoviridae,High,-
AVP1409,PPISLERLDVGTNLGNAIAKLEAKELLESSDQIL,Paramyxoviridae,High,-
AVP1410,PISLERLDVGTNLGNAIAKLEAKELLESSDQILR,Paramyxoviridae,High,-
AVP1411,SLERLDVGTNLGNAIAKLEAKELLESSDQILRSM,Paramyxoviridae,High,-
AVP1412,LERLDVGTNLGNAIAKLEAKELLESSDQILRSMK,Paramyxoviridae,High,-
AVP1413,VAVSKVLHLEGEVNKIALLSTNKAVVSLSNGVS,Paramyxoviridae,High,-
AVP1414,AVSKVLHLEGEVNKIALLSTNKAVVSLSNGVSV,Paramyxoviridae,High,-
AVP1415,VSKVLHLEGEVNKIALLSTNKAVVSLSNGVSVL,Paramyxoviridae,High,-
AVP1416,SKVLHLEGEVNKIALLSTNKAVVSLSNGVSVLT,Paramyxoviridae,High,-
AVP1417,KVLHLEGEVNKIALLSTNKAVVSLSNGVSVLTS,Paramyxoviridae,High,-
AVP1418,LEGEVNKIALLSTNKAVVSLSNGVSVLTSKVLD,Paramyxoviridae,High,-
AVP1419,GEVNKIALLSTNKAVVSLSNGVSVLTSKVLDLK,Paramyxoviridae,High,-
AVP1420,EVNKIALLSTNKAVVSLSNGVSVLTSKVLDLKN,Paramyxoviridae,High,-
AVP1421,VNKIALLSTNKAVVSLSNGVSVLTSKVLDLKNY,Paramyxoviridae,High,-
AVP1422,NKIALLSTNKAVVSLSNGVSVLTSKVLDLKNYI,Paramyxoviridae,High,-
AVP1423,KIALLSTNKAVVSLSNGVSVLTSKVLDLKNYID,Paramyxoviridae,High,-
AVP1424,IALLSTNKAVVSLSNGVSVLTSKVLDLKNYIDK,Paramyxoviridae,High,-
AVP1425,ALLSTNKAVVSLSNGVSVLTSKVLDLKNYIDKQ,Paramyxoviridae,High,-
AVP1439,WQEWERKVDFLEENITALLEEAQIQQEKNMYELQK,Retroviridae,High,-
AVP1440,QEWERKVDFLEENITALLEEAQIQQEKNMYELQKL,Retroviridae,High,-
AVP1441,EWERKVDFLEENITALLEEAQIQQEKNMYELQKLN,Retroviridae,High,-
AVP1442,WERKVDFLEENITALLEEAQIQQEKNMYELQKLNS,Retroviridae,High,-
AVP1443,ERKVDFLEENITALLEEAQIQQEKNMYELQKLNSW,Retroviridae,High,-
AVP1444,RKVDFLEENITALLEEAQIQQEKNMYELQKLNSWD,Retroviridae,High,-
AVP1445,KVDFLEENITALLEEAQIQQEKNMYELQKLNSWDV,Retroviridae,High,-
AVP1446,VDFLEENITALLEEAQIQQEKNMYELQKLNSWDVF,Retroviridae,High,-
AVP1447,DFLEENITALLEEAQIQQEKNMYELQKLNSWDVFG,Retroviridae,High,-
AVP1448,FLEENITALLEEAQIQQEKNMYELQKLNSWDVFGN,Retroviridae,High,-
AVP1449,SCLTVPASAYQVRNSSGL,Flaviviridae,-17.16,%
AVP1450,SAYQVRNSSGLYHVTNDC,Flaviviridae,0.23,%
AVP1451,SSGLYHVTNDCPNSSIVY,Flaviviridae,99.93,%
AVP1452,TNDCPNSSVVYEAADAIL,Flaviviridae,1.12,%
AVP1453,SIVYEAADAILHTPGCVP,Flaviviridae,42.32,%
AVP1454,DAILHTPGCVPCVREGNA,Flaviviridae,-49.35,%
AVP1455,GCVPCVREGNASRCWVAV,Flaviviridae,-4.42,%
AVP1456,WVAVTPTVATRDGKLPTT,Flaviviridae,19.29,%
AVP1458,VATRDGKLPTTQLRRHID,Flaviviridae,-30.83,%
AVP1459,LPTTQLRRHIDLLVGSAT,Flaviviridae,-1.96,%
AVP1460,RHIDLLVGSATLCSALYV,Flaviviridae,49.08,%
AVP1461,GSATLCSALYVGDLCGSV,Flaviviridae,0.55,%
AVP1462,ALYVGDLCGSVFLVGQLF,Flaviviridae,22.87,%
AVP1463,CGSVFLVGQLFTFSPRHH,Flaviviridae,79.46,%
AVP1464,GQLFTFSPRHHWTTQDCN,Flaviviridae,43.2,%
AVP1465,PRHHWTTQDCNCSIYPGH,Flaviviridae,31.28,%
AVP1466,QDCNCSIYPGHITGHRMA,Flaviviridae,-73.14,%
AVP1467,YPGHITGHRMANMMMNW,Flaviviridae,86.19,%
AVP1468,HRMANMMMNWSPTAALV,Flaviviridae,26.6,%
AVP1469,MMNWSPTAALVVAQLLRI,Flaviviridae,33.39,%
AVP1470,AALVVAQLLRIPQAIMDM,Flaviviridae,11.49,%
AVP1471,LLRIPQAIMDMIAGAHWG,Flaviviridae,71.09,%
AVP1472,IMDMIAGAHWGVLAGIKY,Flaviviridae,0.32,%
AVP1473,AHWGVLAGIKYFSMVGNW,Flaviviridae,15.34,%
AVP1474,GIKYFSMVGNWAKVLVVL,Flaviviridae,50.39,%
AVP1475,VGNWAKVLVVLLLFAGVD,Flaviviridae,-21.07,%
AVP1476,LVVLLLFAGVDAETHVTG,Flaviviridae,10.58,%
AVP1477,FKLPLGINITNFRAILTAFS,Coronaviridae,>500,IC90 (μg/ml)
AVP1478,PTTFMLKYDENGTITDAVDC,Coronaviridae,112.5±26.3,IC90 (μg/ml)
AVP1479,VLYNSTFFSTFKCYGVSATK,Coronaviridae,>500,IC90 (μg/ml)
AVP1480,PALNCYWPLNDYGFYTTSGI,Coronaviridae,>500,IC90 (μg/ml)
AVP1481,RDVSDFTDSVRDPKTSEILD,Coronaviridae,>500,IC90 (μg/ml)
AVP1482,YQDVNCTDVSTAIHADQLTP,Coronaviridae,113.0±27.6,IC90 (μg/ml)
AVP1483,SNNTIAIPTNFSISITTEVM,Coronaviridae,>500,IC90 (μg/ml)
AVP1484,QYGSFCTQLNRALSGIAAEQ,Coronaviridae,24.9±6.2,IC90 (μg/ml)
AVP1485,GIGVTQNVLYENQKQIANQF,Coronaviridae,>500,IC90 (μg/ml)
AVP1486,IQKEIDRLNEVAKNLNESLI,Coronaviridae,73.5±15.7,IC90 (μg/ml)
AVP1487,IPESSELTLQELLGEERR,Papillomaviridae,10.5±1.4,μM
AVP1488,KKFACPECPKRFMRSDHLSKHIKTHQNKK,Papillomaviridae,ND,μM
AVP1489,YKFACPECPKRFMRSDHLTLHILLHENKK,Papillomaviridae,>1000,μM
AVP1490,YKFACPECPKRFMRSDHLSKHITLHELLGEERR,Papillomaviridae,19.3±2.9,μM
AVP1491,NLYIQWLKDGGPSSGRPPPS,Papillomaviridae,ND,μM
AVP1492,ALQELLGQWLKDGGPSSGRPPPS,Papillomaviridae,36.8±3.2,μM
AVP1493,ALQELLGEYIQWLKDGGPSSGRPPPS,Papillomaviridae,26.2±4.8,μM
AVP1494,YLQELLGE,Papillomaviridae,74.3±1.9,μM
AVP1495,TFWWHPNYYVDW,Papillomaviridae,Medium,-
AVP1496,TLWPWAWRHNWQ,Papillomaviridae,Medium,-
AVP1497,TWFNPFGYYSWA,Papillomaviridae,High,-
AVP1498,TWFWPYPYPHLP,Papillomaviridae,High,-
AVP1499,TWWTGTYPWYPR,Papillomaviridae,Nil,-
AVP1500,ENGLHNRSLNPR,Papillomaviridae,Nil,-
AVP1501,GQPSHDPVPPTT,Papillomaviridae,Nil,-
AVP1502,SSTSTVTPAHST,Papillomaviridae,Nil,-
AVP1503,SSPLAHYLNAPT,Papillomaviridae,Nil,-
AVP1505,SWLRDLWDWICEVLSDFK,Flaviviridae,1.40±0.13,μM
AVP1506,SWLRDIWDWLCEVLSDFK,Flaviviridae,1.20±0.09,μM
AVP1507,SWLRDIWDWICELLSDFK,Flaviviridae,1.20±0.11,μM
AVP1508,SWLRDLWDWLCEVLSDFK,Flaviviridae,1.40±0.15,μM
AVP1509,SWLRDLWDWICELLSDFK,Flaviviridae,0.78±0.07,μM
AVP1510,SWLRDIWDWLCELLSDFK,Flaviviridae,0.82±0.10,μM
AVP1511,SWLRDLWDWLCELLSDFK,Flaviviridae,1.20±0.14,μM
AVP1513,SWLRDIWDWVCEVLSDFK,Flaviviridae,1.40±0.17,μM
AVP1514,SWLRDIWDWACEVLSDFK,Flaviviridae,4.00±0.36,μM
AVP1515,SWLRDIWDWGCEVLSDFK,Flaviviridae,>5.00,μM
AVP1516,SWLRDIWDWSCEVLSDFK,Flaviviridae,>5.00,μM
AVP1517,SWLRDIWDWECEVLSDFK,Flaviviridae,>5.00,μM
AVP1518,SWLRDIWDWKCEVLSDFK,Flaviviridae,>5.00,μM
AVP1519,TSQNIRS,Flaviviridae,High,-
AVP1520,TSYHRSA,Flaviviridae,Medium,-
AVP1521,SVSVGMKPSPRP,Flaviviridae,Medium,-
AVP1522,SVSVGTKPRPRP,Flaviviridae,Medium,-
AVP1523,SVSWGMKPSPRQ,Flaviviridae,Medium,-
AVP1524,STLPLPP,Flaviviridae,Nil,-
AVP1525,SDDPKESEGDLHCVC,Poxviridae,Nil,-
AVP1526,CVCVKTTSLVRPRHI,Poxviridae,Nil,-
AVP1527,KNGRKLCLDLQAALY,Poxviridae,40,μg/ml
AVP1528,AALYKKKIIKKLLES,Poxviridae,50,μg/ml
AVP1529,RW,Poxviridae,Nil,-
AVP1530,RWRW,Poxviridae,Nil,-
AVP1531,RWRWRW,Poxviridae,6.5,μM
AVP1532,RWRWRWRW,Poxviridae,Nil,-
AVP1533,RWRWRWRWRW,Poxviridae,Nil,-
AVP1534,YQSTCSAVSKGYLSALR,Paramyxoviridae,Nil,-
AVP1535,TSVITIELSNIKKIKCN,Paramyxoviridae,Nil,-
AVP1536,LSNIKKIKCNGTDAKVK,Paramyxoviridae,Nil,-
AVP1537,NNAKKTNVTLSKKRKRR,Paramyxoviridae,Nil,-
AVP1538,KTNVTLSKKRKRRFLGF,Paramyxoviridae,Nil,-
AVP1539,KKRKRRFLGFLLGVGSA,Paramyxoviridae,High,-
AVP1540,KQLLPIVNKQSCSISNI,Paramyxoviridae,Low,-
AVP1541,LLSLINDMPITNDQKKL,Paramyxoviridae,Nil,-
AVP1542,MPITNDQKKLMSNNVQI,Paramyxoviridae,Nil,-
AVP1543,KKLMSNNVQIVRQQSYS,Paramyxoviridae,Nil,-
AVP1544,KEGSNICLTRTDRGWYC,Paramyxoviridae,Nil,-
AVP1545,SSVITSLGAIVSCYGKT,Paramyxoviridae,High,-
AVP1546,GKTKCTASNKNRGIIKT,Paramyxoviridae,Nil,-
AVP1547,IIIVIIVILLSLIAVGL,Paramyxoviridae,Nil,-
AVP1548,VGLLLYCKARSTPVTLS,Paramyxoviridae,Nil,-
AVP1549,AICKRIPNKKPGKKT,Paramyxoviridae,Medium,-
AVP1550,NPTCWAICKRIPNKK,Paramyxoviridae,Medium,-
AVP1551,ENREILKEPVHGVYY,Paramyxoviridae,Nil,-
AVP1552,AKKQRFRHRNRKG,Paramyxoviridae,Nil,-
AVP1553,ACYCRIPACIAGERRYGTCIYQGRLWAFCC,Polyomaviridae,80,%
AVP1555,DPVTCLKSGAICHPVFCPRRYKQIGTCGLPGTKCCKP,Polyomaviridae,45,%
AVP1556,ARATCYCRTGRCATRESLSGVCEISGRLYRLCCR,Polyomaviridae,98,%
AVP1557,PPVYTKDVDISSQISSMNQSLQQSKDYIKEAQKILDTVNPSL,Paramyxoviridae,40,nM
AVP1558,VYTDKVDISSQISSMNQSLQQSKDYIKEAQKILDTV,Paramyxoviridae,40,nM
AVP1559,DITLNNSVALDPIDISIELNKAKSDLEESKEWIRRSNQKLDSIGN,Paramyxoviridae,7.5,nM
AVP1560,VALDPIDISIELNKAKSDLEESKEWIRRSNQKLDSI,Paramyxoviridae,7.5,nM
AVP1562,VANDPIDISIELNKAKSDLEESKEWIRRSNQKLDSI,Paramyxoviridae,3000,nM
AVP1563,VALDPIDISIELNKAKSDLEESKEWIRRSNQKLDSD,Paramyxoviridae,8000,nM
AVP1564,VANDPIDISIELNKAKSDLEESKEWIRRSNQKLDSD,Paramyxoviridae,>10^4,nM
AVP1565,VALDPIDISIELNKAKSDLEESKEWIRR,Paramyxoviridae,>10^4,nM
AVP1566,SIELNKAKSDLEESKEWIRRSNQKLDSI,Paramyxoviridae,>10^4,nM
AVP1577,KVDISSQISSMNQSLQQSKDYIKEAQRLLDTVNPSL,Paramyxoviridae,17.59,nM
AVP1581,YDPLVFPSDEFDASISQVNEKINQSLAFIRKSDELLHNV,Paramyxoviridae,High,-
AVP1582,LVRDSMAKLRERLNQRQKLFESTQ,Retroviridae,High,-
AVP1583,GINASVVNIQKEIDRLNEVAKNLNESLIDLQELGKYE,Coronaviridae,0.62,μM
AVP1584,GINASVVNIQKEIDRLNEVAKNLNESLIDL,Coronaviridae,0.8,μM
AVP1585,GINASVVNIQKEIDRLNEVAKNL,Coronaviridae,1.04,μM
AVP1586,QKQIANQFNKAISQIQESLTTTSTALGKLQDVVNQNAQALNTLVKQ,Coronaviridae,3.97,μM
AVP1587,QNQSANQFQKEISQINEVLTTTNTSLGKLQDDVNQNNQSLNTLQKE,Coronaviridae,5.07,μM
AVP1588,ELQREESPTGPPGSIRTWFQRIPLGWFHCTYQKGKQHCRLRIRQKVEE,Filoviridae,25,nM
AVP1589,ELQREESPTGPPGSIRTWFQRIPLGWFH,Filoviridae,High,-
AVP1590,ELQREESPTGPPGSIRTWFQRIPLGWFHCTYQK,Filoviridae,High,-
AVP1591,ELQREESPTGPPGSIRTWFQRIPLGWFHCTYQKGKQHCR,Filoviridae,High,-
AVP1592,GSIRTWFQRIPLGWFHCTYQKGKQHCRLRIRQKVEE,Filoviridae,High,-
AVP1593,HCTYQKGKQHCRLRIRQKVEE,Filoviridae,High,-
AVP1594,SPTGPPGSIRTWFQRIPLGWFHCTYQKGKQHCRLRIRQKVEE,Filoviridae,High,-
AVP1595,WFQRIPLGWFHCTYQKGKQHCRLRIRQKVEE,Filoviridae,High,-
AVP1596,ELQREESPTGPPGSIRT,Filoviridae,High,-
AVP1597,EEMKKSDEEIKKYIEEIKKVEEESKYDEE,Herpesviridae,4.0±0.12,mM
AVP1598,HMNASDMEIKSYINMIESVEESSNYDF,Herpesviridae,4.1±0.26,mM
AVP1599,KKNEEIIKKLEETKKNEEKNKKSEEILKKLEELRKK,Herpesviridae,6.3±1.16,mM
AVP1600,NADIIKSLIRKTIINASKNTASLSILQHLYVLRS,Herpesviridae,12.2±0.28,mM
AVP1601,EERKKLGEEIKKEAEEAKKQIEETKKNDEE,Herpesviridae,8.7±1.29,mM
AVP1602,NAHCALL,Herpesviridae,0.53,ng/ml(EC50)
AVP1603,NQGRHFCGGALIHARFVMTAASCFQ,Adenoviridae,High,-
AVP1604,NQGRHFCGGALIHARFVMTAASSFQ,Adenoviridae,Low,-
AVP1605,NQGRHFSGGALIHARFVMTAASCFQ,Adenoviridae,Medium,-
AVP1606,NQGRHFSGGALIHARFVMTAASSFQ,Adenoviridae,Nil,-
AVP1607,GKVIDTLTCGFADLMGYI,Flaviviridae,High,-
AVP1610,QPGYPWPLYGNEGCGWAG,Flaviviridae,High,-
AVP1611,RLGVRATRKTSERSQPRG,Flaviviridae,High,-
AVP1612,TCGFADLMGYIPLVGAPL,Flaviviridae,High,-
AVP1613,VKFPGGGQIVGGVYLLPR,Flaviviridae,High,-
AVP1614,TVSSGADTEDVVC,Flaviviridae,High,-
AVP1615,ARALAHGVRVLEDGVNYA,Flaviviridae,Low,-
AVP1616,GAPLGGAARALAHGVRVL,Flaviviridae,Low,-
AVP1617,LLPRRGPRLGVRATRKTS,Flaviviridae,Low,-
AVP1618,MGYIPLVGAPLGGAARAL,Flaviviridae,Low,-
AVP1619,MSTNPKPQRKTKRNTNRR,Flaviviridae,Low,-
AVP1620,PEGRTWAQPGYPWPLYGN,Flaviviridae,Low,-
AVP1621,PIPKARRPEGRTWAQPGY,Flaviviridae,Low,-
AVP1622,QIVGGVYLLPRRGPRLGV,Flaviviridae,Low,-
AVP1623,QPRGRRQPIPKARRPEGR,Flaviviridae,Low,-
AVP1624,QRKTKRNTNRRPQDVKFP,Flaviviridae,Low,-
AVP1625,RKTSERSQPRGRRQPIPK,Flaviviridae,Low,-
AVP1626,RRRSRNLGKVIDTLTCGF,Flaviviridae,Low,-
AVP1627,SPRGSRPSWGPTDPRRRS,Flaviviridae,Low,-
AVP1628,SWGPTDPRRRSRNLGKVI,Flaviviridae,Low,-
AVP1629,TNRRPQDVKFPGGGQIVG,Flaviviridae,Low,-
AVP1630,VRVLEDGVNYATGNLPGC,Flaviviridae,Low,-
AVP1631,DGSWSTVSSGADTED,Flaviviridae,Low,-
AVP1632,PGDPDLSDGSWSTVSSGA,Flaviviridae,Low,-
AVP1633,FYHSKRRLIFSKRKP,Flaviviridae,Nil,-
AVP1634,GRKRRQTSMTDFYHS,Flaviviridae,Nil,-
AVP1635,SMTDFYHSKRRLIFS,Flaviviridae,Nil,-
AVP1636,AFKQSPPAIPALGTN,Flaviviridae,Nil,-
AVP1637,AIPALGTNVKKRRHG,Flaviviridae,Nil,-
AVP1638,QSPPAIPALGTNVKK,Flaviviridae,Nil,-
AVP1639,RRHGDEDMFYMHVRG,Flaviviridae,Nil,-
AVP1640,VKKRRHGDEDMFYMH,Flaviviridae,Nil,-
AVP1641,KKKKYRNIRRPG,Coronaviridae,45,μg/ml
AVP1642,MARHRNWPLVMV,Flaviviridae,High,-
AVP1643,CTNPESLTC,Bunyaviridae,9,%
AVP1644,CTTHISQTC,Bunyaviridae,9,%
AVP1645,CKHHNWWTC,Bunyaviridae,12,%
AVP1646,CSLRTYAAC,Bunyaviridae,12,%
AVP1647,CFSSARLSC,Bunyaviridae,13,%
AVP1648,CHPSKALQC,Bunyaviridae,13,%
AVP1649,CERLNLPQC,Bunyaviridae,14,%
AVP1650,CTDNALKAC,Bunyaviridae,15,%
AVP1651,CQRTTEANC,Bunyaviridae,16,%
AVP1652,CTGYHNNTC,Bunyaviridae,16,%
AVP1653,CYKMDNHTC,Bunyaviridae,19,%
AVP1654,CHVLDPHLC,Bunyaviridae,21,%
AVP1655,CSQWLQGS,Bunyaviridae,22,%
AVP1656,CNSMWVRNC,Bunyaviridae,25,%
AVP1657,CSRNHILTC,Bunyaviridae,25,%
AVP1658,CVMSKHQHC,Bunyaviridae,30,%
AVP1659,CLMGSSHSC,Bunyaviridae,32,%
AVP1660,CPSHYTQAC,Bunyaviridae,34,%
AVP1661,CDLLLPGRC,Bunyaviridae,35,%
AVP1662,CHTLPHTKC,Bunyaviridae,35,%
AVP1663,CSTTNATWC,Bunyaviridae,36,%
AVP1664,CHADQLPMC,Bunyaviridae,39,%
AVP1665,CHGSTKWAC,Bunyaviridae,39,%
AVP1666,CYRTQFTQC,Bunyaviridae,39,%
AVP1667,CTPGRSATC,Bunyaviridae,40,%
AVP1668,CTPLSTLQC,Bunyaviridae,40,%
AVP1669,CLPTPHHVC,Bunyaviridae,41,%
AVP1670,CQLSLAPYC,Bunyaviridae,41,%
AVP1671,CTFHSPRFC,Bunyaviridae,43,%
AVP1672,CNPMHSRTC,Bunyaviridae,44,%
AVP1673,CGPSLRGVC,Bunyaviridae,45,%
AVP1674,CKPSTSGQC,Bunyaviridae,45,%
AVP1675,CYATTLGAC,Bunyaviridae,45,%
AVP1676,CFNTHTANC,Bunyaviridae,47,%
AVP1677,CNKQFSAAC,Bunyaviridae,48,%
AVP1678,CPGHHLSHC,Bunyaviridae,48,%
AVP1679,CSPYAKHNC,Bunyaviridae,50,%
AVP1680,CNSPKGKPC,Bunyaviridae,53,%
AVP1681,CHSLRNAFC,Bunyaviridae,56,%
AVP1682,CQGSPYRHC,Bunyaviridae,59,%
AVP1683,CQWPGQSGC,Bunyaviridae,60,%
AVP1684,CSAGAPEFC,Bunyaviridae,60,%
AVP1685,CKSFTTTRC,Bunyaviridae,61,%
AVP1686,CNSSSPTAC,Bunyaviridae,61,%
AVP1687,CQVLNGNHC,Bunyaviridae,61,%
AVP1688,CTQSGLLSC,Bunyaviridae,61,%
AVP1689,CTYPYPKFC,Bunyaviridae,64,%
AVP1690,CHQLMQNLC,Bunyaviridae,65,%
AVP1691,CKSTFSPNC,Bunyaviridae,65,%
AVP1692,CQPHLPWHC,Bunyaviridae,68,%
AVP1693,CTSAAVHMC,Bunyaviridae,68,%
AVP1694,CQATTARNC,Bunyaviridae,78,%
AVP1696,CPFVC,Bunyaviridae,267,μM
AVP1697,CLVRNLAWC,Bunyaviridae,1.0x10^6,phage/μl
AVP1698,CQTTNWNTC,Bunyaviridae,3.5x10^5,phage/μl
AVP1699,CSASTESLC,Bunyaviridae,7x10^8,phage/μl
AVP1700,FLHFLHHLF,Flaviviridae,0.85,EC50(μg/ml)
AVP1701,FLGFLHHLF,Flaviviridae,1.08,EC50(μg/ml)
AVP1702,FLGFLKNLF,Flaviviridae,1.84,EC50(μg/ml)
AVP1703,AKVTMTCSAS,Orthomyxoviridae,2.686x10^-6,mol/liter
AVP1704,LGCETAALRLGIKLTQHYFGLLTAFGSNFGTIG,Paramyxoviridae,High,-
AVP1705,ISGINASVVNIQEEIKKLNEEAKKLNESLIDLQEL,Coronaviridae,4,nM
AVP1706,ISGINASVVNIQKEIDRLNEVAKNLNESLIDLQEL,Coronaviridae,5,nM
AVP1707,IEEINKKVEEIQKKIEELNKKAEELNKKLEELQKK,Coronaviridae,>100,μM
AVP1708,PRPISYLKGSSGGPL,Flaviviridae,5,μmol/l
AVP1709,WSFFSNI,Hepadnaviridae,18.5,μM(Kd)
AVP1711,DPTARLQLEARLQHLVAEILEREQSLALHA,Herpesviridae,50,%
AVP1712,TARLQLEARLQHLVAEILEREQSLA,Herpesviridae,500,μM
AVP1713,AQLLESVLQEERILALHAQARERLT,Herpesviridae,Nil,-
AVP1714,QPELAPEDPEDSALLEDPVGTVAPQ,Herpesviridae,Nil,-
AVP1715,EVVLFLLNVF,Picornaviridae,5.9±0.2,log10 TCID50/ml
AVP1716,TLKPIFKLPLGINITNFR,Coronaviridae,11,μM
AVP1718,YENQKQIANQFNKAISQIQESLTTTSTA,Coronaviridae,1.16,μM(EC50)
AVP1719,DVDLGDISGINASVVNIQKEIDRLNEVAKNLNESLIDLQELGKYEQYI,Coronaviridae,2.15,μM(EC50)
AVP1720,IQESLTTTSTALGKLQDVVNQNAQALNTLVKQLSS,Coronaviridae,ND,μM(EC50)
AVP1721,YENQKQIANQFNKAISQIQESLTTTSTALGKLQDVVNQNAQALNTLVKQLSSNFGAISSV,Coronaviridae,ND,μM(EC50)
AVP1722,FGGASCCLYCRCHIDHPNPKGFCDLKGKY,Coronaviridae,160,μM
AVP1723,GGASCCLYCRCH,Coronaviridae,160,μM
AVP1724,DLKGKYVQIP,Coronaviridae,Low,μM
AVP1725,NCVKMLCTHTGTGQAITVTP,Coronaviridae,Low,μM
AVP1726,PTTCANDP,Coronaviridae,Low,μM
AVP1727,HRILMRIRAMMT,Arteriviridae,34.13563,μM
AVP1728,HRALMRIRQMMT,Arteriviridae,34.18095,μM
AVP1729,HRILMRIR,Arteriviridae,43.50202,μM
AVP1730,HRIAMRIRQMMT,Arteriviridae,54.5872,μM
AVP1731,HRILMRIRQMMT,Arteriviridae,56,μM
AVP1732,ARILMRIRQMMT,Arteriviridae,56.12263,μM
AVP1733,HRILMRIRQAMT,Arteriviridae,57.98146,μM
AVP1734,HRILMRIAQMMT,Arteriviridae,60.60846,μM
AVP1735,RLNNRARIILRA,Parvoviridae,High,-
AVP1736,LAHKSRLYERHM,Parvoviridae,High,-
AVP1737,HRILMRIRQMMA,Arteriviridae,89.41235,μM
AVP1738,HRILMRIRQMAT,Arteriviridae,120.5239,μM
AVP1739,HRILMRARQMMT,Arteriviridae,150.1405,μM
AVP1740,LMRIRQMMT,Arteriviridae,263.8101,μM
AVP1741,HRILARIRQMMT,Arteriviridae,435.4996,μM
AVP1742,LMRIR,Arteriviridae,716.4193,μM
AVP1743,HAILMRIRQMMT,Arteriviridae,ND,μM
AVP1744,HRILMAIRQMMT,Arteriviridae,ND,μM
AVP1745,EVSHPKVG,Paramyxoviridae,Medium,-
AVP1746,SGGSNRSP,Paramyxoviridae,Medium,-
AVP1747,WVTTSNQW,Paramyxoviridae,Medium,-
AVP1748,FFLLFLQGAAGNSVLCRIRGGRCHVGSCHFPERHIGRCSGFQACCIRTWG,Picornaviridae,High,-
AVP1749,MQILPLLFAVLLLMLQAEPGLSLARGLPQDCERRGGFCSHKSCPPGIGRIGLCSKEDFCCRSRWYS,Picornaviridae,High,-
AVP1750,MRILYLLLSVLFVVLQGVAGQPYFSSPIHACRYQRGVCIPGPCRWPYYRVGSCGSGLKSCCVRNRWA,Picornaviridae,High,-
AVP1751,MRIVYLLFPFILLLVQGAAGSSLAPRNKEKCHREKGFCGFLKCFPFIISGKCSRFFFCCKKIFG,Picornaviridae,High,-
AVP1752,TATQCRIRGGFCRVGSCRFPHIAIGKCATFISCCGRAYEVDALNSVRTSPWLLAPGNNPH,Picornaviridae,High,-
AVP1753,WLVFFVIFYFFRRRKK,Orthomyxoviridae,0.00003,μM
AVP1754,RRKKWLVFFVIFYFFR,Orthomyxoviridae,0.00004,μM
AVP1755,WLVFFVIAYFAR,Orthomyxoviridae,0.00087,μM
AVP1756,WLVFFVIFYFFR,Orthomyxoviridae,0.0936,μM
AVP1757,AWDFGSLGGVFTSIGKALHQVFGAIYGAA,Flaviviridae,0.1,μM(IC90)
AVP1758,AWDFGSVGGVLNSLGKMVHQIFGSAYTAL,Flaviviridae,0.1,μM(IC90)
AVP1759,RRKKIFYFFR,Orthomyxoviridae,0.15483,μM
AVP1761,AKTIRLESEVTAIKNALKKTNEAVSTLGNGVRVLATAVRELKDFVSKN,Paramyxoviridae,1.6,nM
AVP1762,HVTTTFAPPPPR,Coronaviridae,10,μg/ml
AVP1763,SVVPSKATWGFA,Coronaviridae,15,μg/ml
AVP1764,FKPSSPPSITLW,Coronaviridae,20,μg/ml
AVP1765,ATCYCRTGRCATRESLSGVCRISGRLYRLCCR,Herpesviridae,25,μg/ml
AVP1766,ATCYCRTGRCATRESLSGVCEISGRLYRLCCR,Herpesviridae,35,μg/ml
AVP1767,ATCYCRTGRCATRESLSGVCEIRGRLYRLCCR,Herpesviridae,36,μg/ml
AVP1768,ATCYCRRGRCATRESLSGVCEISGRLYRLCCR,Herpesviridae,40,μg/ml
AVP1769,RARRSLLIASALCTSDVAAATNADLRTALARADHQKTLFWL,Herpesviridae,40,%
AVP1770,ALNCYWPLNDYGFYTTTGIGYQPYRVVVLSFEL,Coronaviridae,41.6,μM
AVP1771,TARLQLEARLQHLVAEILEREQSLALHALGYQLAFV,Herpesviridae,65,%
AVP1772,ATCYCRTGRCATRESRSGVCEISGRLYRLCCR,Herpesviridae,67,μg/ml
AVP1773,NASDMEIKKVNKKIEEYIKKIEEVEKKLEEVNKK,Paramyxoviridae,90,%
AVP1774,VNKKIEEIDKKIEELNKKLEELEKKLEEVNKK,Paramyxoviridae,90,%
AVP1775,ALHALGYQLAFVLDSPSAY,Herpesviridae,25-30,%
AVP1776,AKFEVNNPQVQRQAFNELIRVVHQLLPESSLRKRKRSRC,Picornaviridae,High,-
AVP1777,TKKNSFKRKSIMLPKSLLSVVKSATLETKPESKYS,Picornaviridae,Low,-
AVP1778,AGDNATVAAGHATLREHLRDIKAENTDAN,Herpesviridae,Low,-
AVP1779,AGHATLREHLRDIKAENTDAN,Herpesviridae,Low,-
AVP1780,DVREEEQLGERATGLNLNI,Herpesviridae,Nil,-
AVP1781,GENNELRLTRDAI,Herpesviridae,Nil,-
AVP1782,TAAGDARANAVAKAGLHDLNIETDTERNH,Herpesviridae,Nil,-
AVP1783,VEGQLGENNELRLTRDAIE,Herpesviridae,Nil,-
AVP1784,HATCSLAFALATSVALATRNDLLLRWAAARDAQTILSKRDR,Herpesviridae,Nil,-
AVP1785,LQLEARLQHLVAEILER,Herpesviridae,Nil,-
AVP1786,TSDVAAATNADLRTALARADHQKTLFWL,Herpesviridae,Nil,-
AVP1787,YQFHLVLHEALRAQALSRQLILGRELAQELVAELAT,Herpesviridae,Nil,-
AVP1790,AWDFGSIGGVFTSVGKLVHQVFGTAYGVL,Flaviviridae,1.5,μM(IC90)
AVP1797,AWDFGSVGGLFTSLGKAVHQVFGSVYTIM,Flaviviridae,6,μM(IC90)
AVP1803,VVTTRLFMSLVASVRNAFQSGYISFDEIIKTE,Herpesviridae,8±0.24,μM
AVP1804,CTEEHIVATELVIQEMYIKINVKNSP,Herpesviridae,8±0.48,μM
AVP1805,RIILGQCIKREAEAAIEQIFRTKYNDSH,Herpesviridae,9±0.27,μM
AVP1806,WLVFFVRRKK,Orthomyxoviridae,0.63806,μM
AVP1808,FFVIFYRRKK,Orthomyxoviridae,1.48175,μM
AVP1811,GICRCICGRGICRCICGRIGGRVPGVGVPGVGHHHHHH,Flaviviridae,21.4±1.6,μM
AVP1812,TIRLESEVTAIKNALKKTNEAVSTLGNGVRVLATAVRELKDFV,Paramyxoviridae,177,nM
AVP1813,FNVALDQVFESIENSQALVDQSNRILSSAEKGNTG,Paramyxoviridae,1520,nM
AVP1814,LESEVTAIKNALKKTNEAVSTLGNGVRVLATAVRE,Paramyxoviridae,3240,nM
AVP1815,PEDQFNVALDQVFESIENSQALVDQSNRILSSAEKGNTG,Paramyxoviridae,3310,nM
AVP1816,FNVALDQVFESIENSQALVDQSNRILSSAE,Paramyxoviridae,">9,000",nM
AVP1817,FNVALDQVFESIENSQALVDQSNRILSSAEKGN,Paramyxoviridae,">9,000",nM
AVP1818,NVALDQVFESIENSQALVDQSNRILSSA,Paramyxoviridae,">9,000",nM
AVP1819,SSFDPVKFPEDQFNVALDQVFESIENSQALVDQSNRILSSAEK,Paramyxoviridae,">9,000",nM
AVP1820,LFRLIKSLIKRLVSAFK,Hepadnaviridae,11,μM
AVP1821,RGGRLCYCRRRFCVCVGR,Flaviviridae,11.7,μM
AVP1822,YKYRYL,Coronaviridae,High,-
AVP1823,CFQWQRNMRKVRGPPVSCIKRDSPIQ,Hepadnaviridae,50,%
AVP1824,GRRRRSVQWCAVSQPEATKCFQWQRNMRKVRGPPVSCIKRDSPIQCI,Hepadnaviridae,55,%
AVP1825,GRRRRSVQWCAVSQPEATKCFQW,Hepadnaviridae,80,%
AVP1826,LEEWYKKTEELQKKFEEIIKKIEENNKKVEEGLKK,Retroviridae,High,-
AVP1827,LGEWYNQTKELQQKFYEIIMNIEQNNVQVKKGLQQ,Retroviridae,High,-
AVP1828,GEETLKKWEEQTKKLEEKFKKIEENIKKNEEQVKKGEEQLKK,Retroviridae,Nil,-
AVP1829,NEELGKKYEETKKKQEEFYKKIEEIEKKNEEVKKKLEELQKK,Retroviridae,Nil,-
AVP1830,ATHQETIEKVTEALKINNLRLVTLEHQVLVIGLKVE,Retroviridae,Nil,-
AVP1831,SISNALNKLEESNRNLDKVNVKLT,Paramyxoviridae,3.27,μM
AVP1832,KQNAANILRLKESIAATNEAVHEV,Paramyxoviridae,22.5,nM
AVP1833,CANLLLQYGSFCTQLNRALSGIA,Coronaviridae,50,%
AVP1834,PSSKRFQPFQQFGRDVSDFT,Coronaviridae,50,%
AVP1835,RNTREVFAQVKQMYKTPTLKYFG,Coronaviridae,Low,-
AVP1836,TKFPSVYAWERKKISNCVAD,Coronaviridae,Low,-
AVP1837,KGIYQTSNFRVVPSGDVVRF,Coronaviridae,Nil,-
AVP1838,KSNVVRGWVFGSTMNNKSQS,Coronaviridae,Nil,-
AVP1839,TDAVDCSQNPLAELKCSVKSF,Coronaviridae,Nil,-
AVP1840,TSSMRGVYYPDEIFRSDTLYL,Coronaviridae,Nil,-
AVP1841,YKGYQPIDVVRDLPSGFNTL,Coronaviridae,Nil,-
AVP1842,YNYKYRYLRHGKLRPFERDI,Coronaviridae,Nil,-
AVP1843,HGVSGHGQHGVHG,Herpesviridae,High,-
AVP1844,WEIHHINKFAQAYSSYSRVIGGTVFVA,Herpesviridae,80,%
AVP1845,WHSRGSTWLYRETANLNAMLTITTARSKYPY,Herpesviridae,97,%
AVP1846,FFIFPNYTIVSDFGRPNAA,Herpesviridae,Nil,-
AVP1847,HFFATSTGDVVYISPFYNGTNRNASYFG,Herpesviridae,Nil,-
AVP1848,GRRRRSVQWCAVSQPEATKCFQWQRNMRKVRGPPVSCIKRDSPIQCIQA,Papillomaviridae,16±7.4,μM
AVP1849,FKCRRWQWRMKKLGAPSITCVRRAFA,Papillomaviridae,9.7±5.0,μM
AVP1850,GIKCRFCCGCCTPGICGVCCRF,Nodaviridae,High,-
AVP1851,ECKFTVKPYLKRFQVYYKGRMWCP,Nodaviridae,High,-
AVP1852,GRTTLSTRGPPRGGPG,Picornaviridae,High,-
AVP1853,FKCRRWQWRMKKLGA,Papillomaviridae,Nil,-
AVP1854,TKCFQWQRNMRKVRGPPVSCIKRDS,Papillomaviridae,Nil,-
AVP1856,NDFRSKT,Orthomyxoviridae,71,μM
AVP1857,NGIGVTQNVLYENQKQIANQFNKAISQIQESLTTTSTA,Coronaviridae,0.14,μM(EC50)
AVP1858,IQKEIDRLNEVAKNLNESLIDLQELGK,Coronaviridae,1.19,μM(EC50)
AVP1859,FNKAISQIQESLTTTSTALGKLQDVVNQNAQALNTLVKQL,Coronaviridae,Low,
AVP1860,ALNTLVKQLSSNFGAISSVLNDILSRLDKVEAEVQIDRL,Coronaviridae,Low,
AVP1861,IDRLITGRLQSLQTYVTQQLIRAAEIRASANLAATK,Coronaviridae,Low,
AVP1862,YVTQQLIRAAEIRASANLAATKMSECVLGQSKRVDFCGKG,Coronaviridae,Low,
AVP1863,VYDPLQPELDSFKEELDKYFKNHTSPDVDLGDISGINASVV,Coronaviridae,Low,
AVP1864,QPELDSFKEELDKYFKNHTSPDVDLGDISGINASVVNIQ,Coronaviridae,Low,
AVP1865,SFKEELDKYFKNHTSPDVDLGDISGINASVVNIQKEIDRLNE,Coronaviridae,Low,
AVP1866,LDKYFKNHTSPDVDLGDISGINASVVNIQKEIDRLNEVAK,Coronaviridae,Low,
AVP1867,FKNHTSPDVDLGDISGINASVVNIQKEIDRLNEVAKNLNES,Coronaviridae,Low,
AVP1868,PDVDLGDISGINASVVNIQKEIDRLNEVAKNLNESLIDLQ,Coronaviridae,Low,
AVP1869,GDISGINASVVNIQKEIDRLNEVAKNLNESLIDLQELGKY,Coronaviridae,Low,
AVP1870,ISGINASVVNIQKEIDRLNEVAKNLNESLIDLQELGKYEQYI KWPW,Coronaviridae,Low,
AVP1871,ISGINASVVNIQKEIDRLNEVAKNLNESLIDLQELGK,Coronaviridae,Low,
AVP1873,GINASVVNIQKEIDRLNEVAKNLNESLIDLQELGK,Coronaviridae,Low,
AVP1874,INASVVNIQKEIDRLNEVAKNLNESLIDLQELGKYEQYIKWPW,Coronaviridae,Low,
AVP1875,INASVVNIQKEIDRLNEVAKNLNESLIDLQELGKYEQYI,Coronaviridae,Low,
AVP1876,INASVVNIQKEIDRLNEVAKNLNESLIDLQELGK,Coronaviridae,Low,
AVP1877,INASVVNIQKEIDRLNEVAKNLNESLIDL,Coronaviridae,Low,
AVP1878,VVNIQKEIDRLNEVAKNLNESLIDLQELGKYEQYIKWPW,Coronaviridae,Low,
AVP1879,VVNIQKEIDRLNEVAKNLNESLIDLQELGK,Coronaviridae,Low,
AVP1880,IQKEIDRLNEVAKNLNESLIDLQELGKYEQYIKWPW,Coronaviridae,Low,
AVP1881,IDRLNEVAKNLNESLIDLQELGKYEQYIKWPW,Coronaviridae,Low,
AVP1882,GYRARPKFKAGKR,Papillomaviridae,91±4,%
AVP1883,TTTPAKRKKTKK,Papillomaviridae,15±8,%
AVP1884,MLRKRRKRL,Papillomaviridae,96±20,%
AVP1885,PLETLMAKAIDAGFIR,Herpesviridae,No,
AVP1886,PSQPTYPGDDAPLEDLMAFAIDLSFYLGVV,Herpesviridae,300,μM(Kd)
AVP1887,LDSPKEELDKYFKNHTSPDVDLGDISGINASVVNIQKEIDRLNEVAKNLNESLIDLQELGKYE,Coronaviridae,43±6.4,μM(EC50)
AVP1888,PKEELDKYFKNHTSPDVDLGDISGINASVVNIQKEIDRLNEVAKNLNESLIDLQELGKYE,Coronaviridae,24±2.8,μM(EC50)
AVP1889,LDKYFKNHTSPDVDLGDISGINASVVNIQKEIDRLNEVAKNLNESLIDLQELGKYE,Coronaviridae,>50,μM(EC50)
AVP1890,FKNHTSPDVDLGDISGINASVVNIQKEIDRLNEVAKNLNESLIDLQELGKYE,Coronaviridae,>50,μM(EC50)
AVP1891,TSPDVDLGDISGINASVVNIQKEIDRLNEVAKNLNESLIDLQELGKYE,Coronaviridae,>50,μM(EC50)
AVP1892,VDLGDISGINASVVNIQKEIDRLNEVAKNLNESLIDLQELGKYE,Coronaviridae,>50,μM(EC50)
AVP1893,DISGINASVVNIQKEIDRLNEVAKNLNESLIDLQELGKYE,Coronaviridae,>50,μM(EC50)
AVP1894,ELDSFKEELDKYFKNHTSPDVDLGDISGINASVVNIQKEIDRLNEVAKNLNESLIDLQELGKYEQYIK,Coronaviridae,17±3.0,μM(EC50)
AVP1895,ELDSFKEELDKYFKNHTSPDVDLGDISGINASVVNIQKEIDRLNEVAKNLNESLIDLQEL,Coronaviridae,34±4.0,μM(EC50)
AVP1896,ELDSPKEELDKYFKNHTSPDVDLGDISGINASVVNIQKEIDRLNEVAKNLNESLID,Coronaviridae,>50,μM(EC50)
AVP1897,DLSLDFEKLNVTLLDLTYEMNRIQDAIKKLNESYINLKE,Coronaviridae,>50,μM(EC50)
AVP1898,AYRFNGIQVTQNVLYENQKQIANQFNKAISQIQESLTTTSTALGKLQDVVNQNAQALNTLVKQLSSNFGAISSVLNDILSRLDKVEAEVQIDRLIT,Coronaviridae,>50,μM(EC50)
AVP1899,NQKQIANQFNKAISQIQESLTTTSTALGKLQDVVNQNAQALNTLVKQLSSNFGAISSVLNDILSRLDKVEAEVQIDRLIT,Coronaviridae,>50,μM(EC50)
AVP1901,NQNAQALNTLVKQLSSNFGAISSVLNDILSRLDKVEAEVQIDRLIT,Coronaviridae,>50,μM(EC50)
AVP1902,GFCRCLCRRGVCRCICTR,Herpesviridae,No,
AVP1903,GVCRCLCRRGVCRCICRR,Herpesviridae,No,
AVP1904,GFCRCICTRGFCRCICTR,Herpesviridae,High,
AVP1905,GICRCICGRGICRCICGR,Herpesviridae,High,
AVP1906,GICRCICGRRICRCICGR,Herpesviridae,High,
AVP1907,RICRCICGRRICRCICGR,Herpesviridae,No,
AVP1914,GVTQNVLYENQKQIANQFNKAISQIQESLTTTSTALGKLQ,Coronaviridae,Low,
AVP1915,LTTTSTALGKLQDVVNQNAQALNTLVKQLSSNFG,Coronaviridae,No,
AVP1916,KQLSSNFGAISSVLNDILSRLDKVEAEVQIDRLITG,Coronaviridae,No,
AVP1917,GRLQSLQTYVTQQLIRAAEIRASANLAATKMSEC,Coronaviridae,No,
AVP1919,KEIDRLNEVAKNLNESLIDLQELGKYEQYIKWPWYVW,Coronaviridae,No,
AVP1920,SGFDPLITHA,Paramyxoviridae,High,
AVP1921,SDWDPLFTHK,Paramyxoviridae,High,
AVP1923,SPQYWTGPA,Flaviviridae,81,%
AVP1924,TDVILMCFSIDSPDSLENI,Paramyxoviridae,7.6,μM
AVP1925,CSIELSDIPLSVDFNTMID,Paramyxoviridae,>50,μM
AVP1926,ADVILMCFSIDSPDSLENI,Paramyxoviridae,2.56,μM
AVP1927,TAVILMCFSIDSPDSLENI,Paramyxoviridae,1.37,μM
AVP1928,TDAILMCFSIDSPDSLENI,Paramyxoviridae,6.6,μM
AVP1929,TDVALMCFSIDSPDSLENI,Paramyxoviridae,11.6,μM
AVP1930,TDVIAMCFSIDSPDSLENI,Paramyxoviridae,5.42,μM
AVP1931,TDVILACFSIDSPDSLENI,Paramyxoviridae,1.43,μM
AVP1932,TDVILMAFSIDSPDSLENI,Paramyxoviridae,>50,μM
AVP1933,TDVILMCASIDSPDSLENI,Paramyxoviridae,6.29,μM
AVP1934,TDVILMCFAIDSPDSLENI,Paramyxoviridae,6.82,μM
AVP1935,TDVILMCFSADSPDSLENI,Paramyxoviridae,3.52,μM
AVP1936,TDVILMCFSIASPDSLENI,Paramyxoviridae,4.36,μM
AVP1937,TDVILMCFSIDAPDSLENI,Paramyxoviridae,2.26,μM
AVP1938,TDVILMCFSIDSADSLENI,Paramyxoviridae,15.32,μM
AVP1939,TDVILMCFSIDSPASLENI,Paramyxoviridae,2.61,μM
AVP1940,TDVILMCFSIDSPDALENI,Paramyxoviridae,1.19,μM
AVP1941,TDVILMCFSIDSPDSAENI,Paramyxoviridae,2.27,μM
AVP1942,TDVILMCFSIDSPDSLANI,Paramyxoviridae,9.83,μM
AVP1943,TDVILMCFSIDSPDSLEAI,Paramyxoviridae,18.47,μM
AVP1944,TDVILMCFSIDSPDSLENA,Paramyxoviridae,4.89,μM
AVP1945,TDVILMCFSI,Paramyxoviridae,>50,μM
AVP1946,TDVILMCFSIDSP,Paramyxoviridae,>50,μM
AVP1947,TDVILMCFSIDSPDSL,Paramyxoviridae,10.86,μM
AVP1948,DVILMCFSIDSPDSLENI,Paramyxoviridae,1.23,μM
AVP1949,VILMCFSIDSPDSLENI,Paramyxoviridae,16.95,μM
AVP1950,ILMCFSIDSPDSLENI,Paramyxoviridae,7.17,μM
AVP1951,CFSIDSPDSLENI,Paramyxoviridae,>50,μM
AVP1953,ILMCFSIDSPDSLE,Paramyxoviridae,3.5,μM
AVP1954,ILMCFSIDSPDSL,Paramyxoviridae,12.4,μM
AVP1955,ILMCFSIDSPDS,Paramyxoviridae,6.36,μM
AVP1956,ILMCFSIDSPD,Paramyxoviridae,4.61,μM
AVP1957,ILMCFSIDSP,Paramyxoviridae,35.77,μM
AVP1958,ILMCFSIDS,Paramyxoviridae,>50,μM
AVP1959,ILMCFSID,Paramyxoviridae,>50,μM
AVP1960,ILMCFSI,Paramyxoviridae,>50,μM
AVP1961,ILMCFS,Paramyxoviridae,>50,μM
AVP1962,LYIRPRPPDNDDGDDNDDGGGENNGGDGDNYATDDMMMVMIMMMVVVRIMVVMVIIMLLMT,Picornaviridae,High,
AVP1963,MSTNPKPQRKTKRNTNRRPQ,Flaviviridae,80,%
AVP1964,DTHTTGGVAGRDTLRFTGFFSFGPKQK,Flaviviridae,No,
AVP1965,STLPETTVVRRRGRSPRRRT,Flaviviridae,No,
AVP1966,IPQSLDSWWTSL,Flaviviridae,No,
AVP1967,NKSLLTEVETPIRNEWGCRCNDSSD,Orthomyxoviridae,High,
AVP1968,KSLLTEVETPIRGSLLTEVETPIR,Orthomyxoviridae,High,
AVP1969,KETPIRNEWGCRGETPIRNEWGCR,Orthomyxoviridae,Low,
AVP1970,KNEWGCRCNDSSDGNEWGCRCNDSSD,Orthomyxoviridae,Low,
AVP1971,AVSKVLHLEGEVNKISALLSTNKAVVSLSNGVSVLTSKVLDLDNYIDKQLLPIVNK,Paramyxoviridae,1.68,μM
AVP1972,NFYDPLVFPSDEFDASISQVNEKINQSLASIRKSDELLHNVNAGK,Paramyxoviridae,2.93,μM
AVP1973,QLQKWEDWVRWIGNIPQYLKG,Retroviridae,0.03,μg/ml
AVP1974,QKWEDWVRWIGN,Retroviridae,0.25,μg/ml
AVP1975,WEDWVRWIGNIP,Retroviridae,0.04,μg/ml
AVP1976,QLQKWEDWVRWI,Retroviridae,0.03,μg/ml
AVP1977,WEDWVRWI,Retroviridae,0.06,μg/ml
AVP1978,DWVRWI,Retroviridae,0.15,μg/ml
AVP1979,WEDWVR,Retroviridae,>50,μg/ml
AVP1980,WVRWI,Retroviridae,0.2,μg/ml
AVP1981,WVRW,Retroviridae,36,μg/ml
AVP1982,VRWI,Retroviridae,7.8,μg/ml
AVP1983,AEDWVRWI,Retroviridae,4.30±0.70,μg/ml
AVP1984,WADWVRWI,Retroviridae,0.16±0.03,μg/ml
AVP1985,WEAWVRWI,Retroviridae,0.10±0.02,μg/ml
AVP1986,WEDAVRWI,Retroviridae,>50,μg/ml
AVP1987,WEDWARWI,Retroviridae,0.07±0.03,μg/ml
AVP1988,WEDWVAWI,Retroviridae,0.09±0.03,μg/ml
AVP1989,WEDWVRAI,Retroviridae,>50,μg/ml
AVP1990,WEDWVRWA,Retroviridae,0.15±0.01,μg/ml
AVP1993,PPATHTIADRNHTPFSDV,Paramyxoviridae,0.33,μM(EC50)
AVP1994,ATHTICDRNHTW,Paramyxoviridae,60,μM(EC50)
AVP1996,GFSSIFRGVAKFASKGLGKDLARLGVNLVACKISKQC,Iridoviridae,80,%
AVP1997,GLMDTVKNVAKNLAGHMLDKLKCKITGC,Iridoviridae,80,%
AVP2000,KQRQNKPPSKPNNDFHFEVFNFVPCSICSNNPTCWAICKRIPNKKPGKK,Paramyxoviridae,80,μM
AVP2001,FHFEVFNFVPCSICSNNPTCWAICKRIPNKKPGKK,Paramyxoviridae,80,μM
AVP2002,VPCSICSNNPTCWAICKRIPNKKPGKK,Paramyxoviridae,>165,μM
AVP2003,CSICSNNPTCWAICKRIPNKKPGKK,Paramyxoviridae,>177,μM
AVP2004,KQRQNKPPSKPNNDFHFEVFNFVPCSICSNNPTCWAICKRI,Paramyxoviridae,12,μM
AVP2005,KPPSKPNNDFHFEVFNFVPCSICSNNPTCWAICKRI,Paramyxoviridae,12,μM
AVP2006,KPNNDFHFEVFNFVPCSICSNNPTCWAICKRI,Paramyxoviridae,25,μM
AVP2007,KQRQNKPPSKPNNDFHFEVFN,Paramyxoviridae,>190,μM
AVP2008,KQRQNKPPSKPNNDFHF,Paramyxoviridae,>240,μM
AVP2009,KPPSKPNNDFHFEVFNFVP,Paramyxoviridae,220,μM
AVP2010,KPPSKPNNDFHFEVFNFV,Paramyxoviridae,14,μM
AVP2011,KPPSKPNNDFHFEVFNF,Paramyxoviridae,7,μM
AVP2012,KPPSKPNNDFHFEVFN,Paramyxoviridae,>510,μM
AVP2013,LLRVKR,Herpesviridae,0.42±0.02,μM(Ki)
AVP2014,RRRR,Herpesviridae,6.4±0.9,μM(Ki)
AVP2015,RRRRR,Herpesviridae,0.99±0.08,μM(Ki)
AVP2016,RRRRRR,Herpesviridae,0.114±0.006,μM(Ki)
AVP2017,RRRRRRR,Herpesviridae,0.068±0.001,μM(Ki)
AVP2018,RRRRRRRR,Herpesviridae,0.061±0.001,μM(Ki)
AVP2019,RRRRRRRRR,Herpesviridae,0.042±0.003,μM(Ki)
AVP2020,NILRLKESITATIEAVHEVTDGLS,Paramyxoviridae,2,μM
AVP2021,SMEKLAGFGAVGAGATAEETRRMLHRAFDTLA,Herpesviridae,15,μM
AVP2022,LNLADATNFLQDSKAELEKARKILSEVGRWY,Paramyxoviridae,80,%
AVP2023,ALDKLEESNSKLDKVNVKLT,Paramyxoviridae,2,μM
AVP2024,ALDKAEESNSKLDKVNVKLT,Paramyxoviridae,6,μM
AVP2025,ALDKAEESNSKADKVNVKLT,Paramyxoviridae,35,μM
AVP2026,ALDKAEESNSKADKVNVKAT,Paramyxoviridae,No,
AVP2027,CHWMFSPWC,Bunyaviridae,High,
AVP2031,YAGAVVNDLL,Herpesviridae,28,μM
AVP2035,LGNWAREIWATL,Retroviridae,High,
AVP2036,CNIAPASIVSRNIVYTRAQPNQDIA,Reoviridae,200,μg/ml
AVP2037,ANVVATYPAHS,Herpesviridae,5,μM
AVP2038,YLTTLK,Reoviridae,1000±25,μg/ml(EC50)
AVP2039,FLQDSKAELEKARKILSEVG,Paramyxoviridae,17,μM
AVP2040,KAAKKAAKAAKKAAKWAKKAA,Herpesviridae,117,μM
AVP2041,AKKAAKKAKKAAKKAKKAAKK,Herpesviridae,41,μM
AVP2042,AKKAAKKAKKAAKKAKKWAKK,Herpesviridae,47.3,μM
AVP2043,AKKAWKKAKKAAKKAKKWAKK,Herpesviridae,40.8,μM
AVP2044,ARRAWRRARRAARRARRAARR,Herpesviridae,18.2,μM
AVP2045,ARRAKRRARRAARRARRKARR,Herpesviridae,13,μM
AVP2046,ARRAKRRARRAKRRARRKKRR,Herpesviridae,24.6,μM
AVP2047,IFKAIWSGIKSLF,Flaviviridae,5,μM
AVP2048,IFSAIGGFLKSIF,Flaviviridae,No,
AVP2049,LFGLIPSLIGGLVSAFK,Paramyxoviridae,3.52,μM(EC50)
AVP2051,SLIGGLVSAFK,Paramyxoviridae,No,
AVP2052,VSAFK,Paramyxoviridae,No,
AVP2061,KHMHWHPPALNT,Hepadnaviridae,High,
AVP2062,SLIGRL,Orthomyxoviridae,40,μg/mouse
